TSA_ID,TSA_Name,Date,DailyCount,DailyDelta,LastUpdateDate
A,Amarillo,2020-04-12,613,,2020-07-25
A,Amarillo,2020-04-13,251,-362,2020-07-25
A,Amarillo,2020-04-14,571,320,2020-07-25
A,Amarillo,2020-04-15,519,-52,2020-07-25
A,Amarillo,2020-04-16,668,149,2020-07-25
A,Amarillo,2020-04-17,645,-23,2020-07-25
A,Amarillo,2020-04-18,638,-7,2020-07-25
A,Amarillo,2020-04-19,548,-90,2020-07-25
A,Amarillo,2020-04-20,572,24,2020-07-25
A,Amarillo,2020-04-21,572,0,2020-07-25
A,Amarillo,2020-04-22,527,-45,2020-07-25
A,Amarillo,2020-04-23,504,-23,2020-07-25
A,Amarillo,2020-04-24,534,30,2020-07-25
A,Amarillo,2020-04-25,479,-55,2020-07-25
A,Amarillo,2020-04-26,462,-17,2020-07-25
A,Amarillo,2020-04-27,468,6,2020-07-25
A,Amarillo,2020-04-28,432,-36,2020-07-25
A,Amarillo,2020-04-29,434,2,2020-07-25
A,Amarillo,2020-04-30,586,152,2020-07-25
A,Amarillo,2020-05-01,582,-4,2020-07-25
A,Amarillo,2020-05-02,477,-105,2020-07-25
A,Amarillo,2020-05-03,468,-9,2020-07-25
A,Amarillo,2020-05-04,466,-2,2020-07-25
A,Amarillo,2020-05-05,475,9,2020-07-25
A,Amarillo,2020-05-06,464,-11,2020-07-25
A,Amarillo,2020-05-07,532,68,2020-07-25
A,Amarillo,2020-05-08,507,-25,2020-07-25
A,Amarillo,2020-05-09,508,1,2020-07-25
A,Amarillo,2020-05-10,481,-27,2020-07-25
A,Amarillo,2020-05-11,478,-3,2020-07-25
A,Amarillo,2020-05-12,495,17,2020-07-25
A,Amarillo,2020-05-13,482,-13,2020-07-25
A,Amarillo,2020-05-14,455,-27,2020-07-25
A,Amarillo,2020-05-15,526,71,2020-07-25
A,Amarillo,2020-05-16,516,-10,2020-07-25
A,Amarillo,2020-05-17,511,-5,2020-07-25
A,Amarillo,2020-05-18,455,-56,2020-07-25
A,Amarillo,2020-05-19,457,2,2020-07-25
A,Amarillo,2020-05-20,423,-34,2020-07-25
A,Amarillo,2020-05-21,487,64,2020-07-25
A,Amarillo,2020-05-22,486,-1,2020-07-25
A,Amarillo,2020-05-23,450,-36,2020-07-25
A,Amarillo,2020-05-24,476,26,2020-07-25
A,Amarillo,2020-05-25,483,7,2020-07-25
A,Amarillo,2020-05-26,479,-4,2020-07-25
A,Amarillo,2020-05-27,474,-5,2020-07-25
A,Amarillo,2020-05-28,495,21,2020-07-25
A,Amarillo,2020-05-29,447,-48,2020-07-25
A,Amarillo,2020-05-30,399,-48,2020-07-25
A,Amarillo,2020-05-31,404,5,2020-07-25
A,Amarillo,2020-06-01,415,11,2020-07-25
A,Amarillo,2020-06-02,401,-14,2020-07-25
A,Amarillo,2020-06-03,385,-16,2020-07-25
A,Amarillo,2020-06-04,373,-12,2020-07-25
A,Amarillo,2020-06-05,378,5,2020-07-25
A,Amarillo,2020-06-06,462,84,2020-07-25
A,Amarillo,2020-06-07,426,-36,2020-07-25
A,Amarillo,2020-06-08,402,-24,2020-07-25
A,Amarillo,2020-06-09,399,-3,2020-07-25
A,Amarillo,2020-06-10,386,-13,2020-07-25
A,Amarillo,2020-06-11,465,79,2020-07-25
A,Amarillo,2020-06-12,470,5,2020-07-25
A,Amarillo,2020-06-13,470,0,2020-07-25
A,Amarillo,2020-06-14,462,-8,2020-07-25
A,Amarillo,2020-06-15,381,-81,2020-07-25
A,Amarillo,2020-06-16,426,45,2020-07-25
A,Amarillo,2020-06-17,381,-45,2020-07-25
A,Amarillo,2020-06-18,432,51,2020-07-25
A,Amarillo,2020-06-19,445,13,2020-07-25
A,Amarillo,2020-06-20,446,1,2020-07-25
A,Amarillo,2020-06-21,446,0,2020-07-25
A,Amarillo,2020-06-22,429,-17,2020-07-25
A,Amarillo,2020-06-23,411,-18,2020-07-25
A,Amarillo,2020-06-24,400,-11,2020-07-25
A,Amarillo,2020-06-25,459,59,2020-07-25
A,Amarillo,2020-06-26,451,-8,2020-07-25
A,Amarillo,2020-06-27,457,6,2020-07-25
A,Amarillo,2020-06-28,419,-38,2020-07-25
A,Amarillo,2020-06-29,389,-30,2020-07-25
A,Amarillo,2020-06-30,399,10,2020-07-25
A,Amarillo,2020-07-01,355,-44,2020-07-25
A,Amarillo,2020-07-02,417,62,2020-07-25
A,Amarillo,2020-07-03,414,-3,2020-07-25
A,Amarillo,2020-07-04,407,-7,2020-07-25
A,Amarillo,2020-07-05,399,-8,2020-07-25
A,Amarillo,2020-07-06,356,-43,2020-07-25
A,Amarillo,2020-07-07,392,36,2020-07-25
A,Amarillo,2020-07-08,352,-40,2020-07-25
A,Amarillo,2020-07-09,418,66,2020-07-25
A,Amarillo,2020-07-10,418,0,2020-07-25
A,Amarillo,2020-07-11,421,3,2020-07-25
A,Amarillo,2020-07-12,369,-52,2020-07-25
A,Amarillo,2020-07-13,358,-11,2020-07-25
A,Amarillo,2020-07-14,382,24,2020-07-25
A,Amarillo,2020-07-15,372,-10,2020-07-25
A,Amarillo,2020-07-16,414,42,2020-07-25
A,Amarillo,2020-07-17,426,12,2020-07-25
A,Amarillo,2020-07-18,410,-16,2020-07-25
A,Amarillo,2020-07-19,312,-98,2020-07-25
A,Amarillo,2020-07-20,308,-4,2020-07-25
A,Amarillo,2020-07-21,334,26,2020-07-25
A,Amarillo,2020-07-22,334,0,2020-07-25
A,Amarillo,2020-07-23,350,16,2020-07-25
A,Amarillo,2020-07-24,596,246,2020-07-25
B,Lubbock,2020-04-12,613,,2020-07-25
B,Lubbock,2020-04-13,628,15,2020-07-25
B,Lubbock,2020-04-14,660,32,2020-07-25
B,Lubbock,2020-04-15,612,-48,2020-07-25
B,Lubbock,2020-04-16,608,-4,2020-07-25
B,Lubbock,2020-04-17,581,-27,2020-07-25
B,Lubbock,2020-04-18,580,-1,2020-07-25
B,Lubbock,2020-04-19,579,-1,2020-07-25
B,Lubbock,2020-04-20,600,21,2020-07-25
B,Lubbock,2020-04-21,534,-66,2020-07-25
B,Lubbock,2020-04-22,520,-14,2020-07-25
B,Lubbock,2020-04-23,514,-6,2020-07-25
B,Lubbock,2020-04-24,521,7,2020-07-25
B,Lubbock,2020-04-25,519,-2,2020-07-25
B,Lubbock,2020-04-26,512,-7,2020-07-25
B,Lubbock,2020-04-27,533,21,2020-07-25
B,Lubbock,2020-04-28,501,-32,2020-07-25
B,Lubbock,2020-04-29,484,-17,2020-07-25
B,Lubbock,2020-04-30,477,-7,2020-07-25
B,Lubbock,2020-05-01,483,6,2020-07-25
B,Lubbock,2020-05-02,453,-30,2020-07-25
B,Lubbock,2020-05-03,496,43,2020-07-25
B,Lubbock,2020-05-04,553,57,2020-07-25
B,Lubbock,2020-05-05,540,-13,2020-07-25
B,Lubbock,2020-05-06,500,-40,2020-07-25
B,Lubbock,2020-05-07,491,-9,2020-07-25
B,Lubbock,2020-05-08,485,-6,2020-07-25
B,Lubbock,2020-05-09,523,38,2020-07-25
B,Lubbock,2020-05-10,530,7,2020-07-25
B,Lubbock,2020-05-11,560,30,2020-07-25
B,Lubbock,2020-05-12,521,-39,2020-07-25
B,Lubbock,2020-05-13,512,-9,2020-07-25
B,Lubbock,2020-05-14,458,-54,2020-07-25
B,Lubbock,2020-05-15,479,21,2020-07-25
B,Lubbock,2020-05-16,473,-6,2020-07-25
B,Lubbock,2020-05-17,562,89,2020-07-25
B,Lubbock,2020-05-18,569,7,2020-07-25
B,Lubbock,2020-05-19,558,-11,2020-07-25
B,Lubbock,2020-05-20,483,-75,2020-07-25
B,Lubbock,2020-05-21,449,-34,2020-07-25
B,Lubbock,2020-05-22,465,16,2020-07-25
B,Lubbock,2020-05-23,538,73,2020-07-25
B,Lubbock,2020-05-24,511,-27,2020-07-25
B,Lubbock,2020-05-25,512,1,2020-07-25
B,Lubbock,2020-05-26,466,-46,2020-07-25
B,Lubbock,2020-05-27,535,69,2020-07-25
B,Lubbock,2020-05-28,467,-68,2020-07-25
B,Lubbock,2020-05-29,461,-6,2020-07-25
B,Lubbock,2020-05-30,408,-53,2020-07-25
B,Lubbock,2020-05-31,402,-6,2020-07-25
B,Lubbock,2020-06-01,446,44,2020-07-25
B,Lubbock,2020-06-02,435,-11,2020-07-25
B,Lubbock,2020-06-03,423,-12,2020-07-25
B,Lubbock,2020-06-04,364,-59,2020-07-25
B,Lubbock,2020-06-05,374,10,2020-07-25
B,Lubbock,2020-06-06,387,13,2020-07-25
B,Lubbock,2020-06-07,468,81,2020-07-25
B,Lubbock,2020-06-08,418,-50,2020-07-25
B,Lubbock,2020-06-09,424,6,2020-07-25
B,Lubbock,2020-06-10,408,-16,2020-07-25
B,Lubbock,2020-06-11,403,-5,2020-07-25
B,Lubbock,2020-06-12,391,-12,2020-07-25
B,Lubbock,2020-06-13,393,2,2020-07-25
B,Lubbock,2020-06-14,388,-5,2020-07-25
B,Lubbock,2020-06-15,456,68,2020-07-25
B,Lubbock,2020-06-16,435,-21,2020-07-25
B,Lubbock,2020-06-17,394,-41,2020-07-25
B,Lubbock,2020-06-18,381,-13,2020-07-25
B,Lubbock,2020-06-19,379,-2,2020-07-25
B,Lubbock,2020-06-20,347,-32,2020-07-25
B,Lubbock,2020-06-21,410,63,2020-07-25
B,Lubbock,2020-06-22,426,16,2020-07-25
B,Lubbock,2020-06-23,403,-23,2020-07-25
B,Lubbock,2020-06-24,359,-44,2020-07-25
B,Lubbock,2020-06-25,369,10,2020-07-25
B,Lubbock,2020-06-26,367,-2,2020-07-25
B,Lubbock,2020-06-27,346,-21,2020-07-25
B,Lubbock,2020-06-28,347,1,2020-07-25
B,Lubbock,2020-06-29,357,10,2020-07-25
B,Lubbock,2020-06-30,368,11,2020-07-25
B,Lubbock,2020-07-01,340,-28,2020-07-25
B,Lubbock,2020-07-02,324,-16,2020-07-25
B,Lubbock,2020-07-03,308,-16,2020-07-25
B,Lubbock,2020-07-04,382,74,2020-07-25
B,Lubbock,2020-07-05,413,31,2020-07-25
B,Lubbock,2020-07-06,391,-22,2020-07-25
B,Lubbock,2020-07-07,389,-2,2020-07-25
B,Lubbock,2020-07-08,335,-54,2020-07-25
B,Lubbock,2020-07-09,329,-6,2020-07-25
B,Lubbock,2020-07-10,302,-27,2020-07-25
B,Lubbock,2020-07-11,330,28,2020-07-25
B,Lubbock,2020-07-12,335,5,2020-07-25
B,Lubbock,2020-07-13,345,10,2020-07-25
B,Lubbock,2020-07-14,328,-17,2020-07-25
B,Lubbock,2020-07-15,322,-6,2020-07-25
B,Lubbock,2020-07-16,314,-8,2020-07-25
B,Lubbock,2020-07-17,316,2,2020-07-25
B,Lubbock,2020-07-18,292,-24,2020-07-25
B,Lubbock,2020-07-19,334,42,2020-07-25
B,Lubbock,2020-07-20,346,12,2020-07-25
B,Lubbock,2020-07-21,347,1,2020-07-25
B,Lubbock,2020-07-22,322,-25,2020-07-25
B,Lubbock,2020-07-23,293,-29,2020-07-25
B,Lubbock,2020-07-24,1089,796,2020-07-25
C,Wichita Falls,2020-04-12,348,,2020-07-25
C,Wichita Falls,2020-04-13,366,18,2020-07-25
C,Wichita Falls,2020-04-14,341,-25,2020-07-25
C,Wichita Falls,2020-04-15,343,2,2020-07-25
C,Wichita Falls,2020-04-16,356,13,2020-07-25
C,Wichita Falls,2020-04-17,350,-6,2020-07-25
C,Wichita Falls,2020-04-18,354,4,2020-07-25
C,Wichita Falls,2020-04-19,368,14,2020-07-25
C,Wichita Falls,2020-04-20,384,16,2020-07-25
C,Wichita Falls,2020-04-21,354,-30,2020-07-25
C,Wichita Falls,2020-04-22,346,-8,2020-07-25
C,Wichita Falls,2020-04-23,347,1,2020-07-25
C,Wichita Falls,2020-04-24,349,2,2020-07-25
C,Wichita Falls,2020-04-25,366,17,2020-07-25
C,Wichita Falls,2020-04-26,359,-7,2020-07-25
C,Wichita Falls,2020-04-27,358,-1,2020-07-25
C,Wichita Falls,2020-04-28,376,18,2020-07-25
C,Wichita Falls,2020-04-29,350,-26,2020-07-25
C,Wichita Falls,2020-04-30,329,-21,2020-07-25
C,Wichita Falls,2020-05-01,327,-2,2020-07-25
C,Wichita Falls,2020-05-02,336,9,2020-07-25
C,Wichita Falls,2020-05-03,342,6,2020-07-25
C,Wichita Falls,2020-05-04,352,10,2020-07-25
C,Wichita Falls,2020-05-05,353,1,2020-07-25
C,Wichita Falls,2020-05-06,349,-4,2020-07-25
C,Wichita Falls,2020-05-07,354,5,2020-07-25
C,Wichita Falls,2020-05-08,332,-22,2020-07-25
C,Wichita Falls,2020-05-09,343,11,2020-07-25
C,Wichita Falls,2020-05-10,349,6,2020-07-25
C,Wichita Falls,2020-05-11,346,-3,2020-07-25
C,Wichita Falls,2020-05-12,340,-6,2020-07-25
C,Wichita Falls,2020-05-13,353,13,2020-07-25
C,Wichita Falls,2020-05-14,332,-21,2020-07-25
C,Wichita Falls,2020-05-15,315,-17,2020-07-25
C,Wichita Falls,2020-05-16,315,0,2020-07-25
C,Wichita Falls,2020-05-17,313,-2,2020-07-25
C,Wichita Falls,2020-05-18,328,15,2020-07-25
C,Wichita Falls,2020-05-19,322,-6,2020-07-25
C,Wichita Falls,2020-05-20,285,-37,2020-07-25
C,Wichita Falls,2020-05-21,292,7,2020-07-25
C,Wichita Falls,2020-05-22,290,-2,2020-07-25
C,Wichita Falls,2020-05-23,308,18,2020-07-25
C,Wichita Falls,2020-05-24,314,6,2020-07-25
C,Wichita Falls,2020-05-25,310,-4,2020-07-25
C,Wichita Falls,2020-05-26,293,-17,2020-07-25
C,Wichita Falls,2020-05-27,296,3,2020-07-25
C,Wichita Falls,2020-05-28,298,2,2020-07-25
C,Wichita Falls,2020-05-29,241,-57,2020-07-25
C,Wichita Falls,2020-05-30,232,-9,2020-07-25
C,Wichita Falls,2020-05-31,261,29,2020-07-25
C,Wichita Falls,2020-06-01,263,2,2020-07-25
C,Wichita Falls,2020-06-02,259,-4,2020-07-25
C,Wichita Falls,2020-06-03,240,-19,2020-07-25
C,Wichita Falls,2020-06-04,238,-2,2020-07-25
C,Wichita Falls,2020-06-05,242,4,2020-07-25
C,Wichita Falls,2020-06-06,245,3,2020-07-25
C,Wichita Falls,2020-06-07,412,167,2020-07-25
C,Wichita Falls,2020-06-08,202,-210,2020-07-25
C,Wichita Falls,2020-06-09,246,44,2020-07-25
C,Wichita Falls,2020-06-10,232,-14,2020-07-25
C,Wichita Falls,2020-06-11,221,-11,2020-07-25
C,Wichita Falls,2020-06-12,227,6,2020-07-25
C,Wichita Falls,2020-06-13,212,-15,2020-07-25
C,Wichita Falls,2020-06-14,220,8,2020-07-25
C,Wichita Falls,2020-06-15,220,0,2020-07-25
C,Wichita Falls,2020-06-16,257,37,2020-07-25
C,Wichita Falls,2020-06-17,241,-16,2020-07-25
C,Wichita Falls,2020-06-18,242,1,2020-07-25
C,Wichita Falls,2020-06-19,245,3,2020-07-25
C,Wichita Falls,2020-06-20,232,-13,2020-07-25
C,Wichita Falls,2020-06-21,235,3,2020-07-25
C,Wichita Falls,2020-06-22,247,12,2020-07-25
C,Wichita Falls,2020-06-23,246,-1,2020-07-25
C,Wichita Falls,2020-06-24,260,14,2020-07-25
C,Wichita Falls,2020-06-25,218,-42,2020-07-25
C,Wichita Falls,2020-06-26,220,2,2020-07-25
C,Wichita Falls,2020-06-27,255,35,2020-07-25
C,Wichita Falls,2020-06-28,238,-17,2020-07-25
C,Wichita Falls,2020-06-29,237,-1,2020-07-25
C,Wichita Falls,2020-06-30,254,17,2020-07-25
C,Wichita Falls,2020-07-01,254,0,2020-07-25
C,Wichita Falls,2020-07-02,238,-16,2020-07-25
C,Wichita Falls,2020-07-03,241,3,2020-07-25
C,Wichita Falls,2020-07-04,229,-12,2020-07-25
C,Wichita Falls,2020-07-05,240,11,2020-07-25
C,Wichita Falls,2020-07-06,264,24,2020-07-25
C,Wichita Falls,2020-07-07,243,-21,2020-07-25
C,Wichita Falls,2020-07-08,218,-25,2020-07-25
C,Wichita Falls,2020-07-09,218,0,2020-07-25
C,Wichita Falls,2020-07-10,228,10,2020-07-25
C,Wichita Falls,2020-07-11,237,9,2020-07-25
C,Wichita Falls,2020-07-12,239,2,2020-07-25
C,Wichita Falls,2020-07-13,248,9,2020-07-25
C,Wichita Falls,2020-07-14,248,0,2020-07-25
C,Wichita Falls,2020-07-15,237,-11,2020-07-25
C,Wichita Falls,2020-07-16,215,-22,2020-07-25
C,Wichita Falls,2020-07-17,208,-7,2020-07-25
C,Wichita Falls,2020-07-18,233,25,2020-07-25
C,Wichita Falls,2020-07-19,249,16,2020-07-25
C,Wichita Falls,2020-07-20,239,-10,2020-07-25
C,Wichita Falls,2020-07-21,227,-12,2020-07-25
C,Wichita Falls,2020-07-22,238,11,2020-07-25
C,Wichita Falls,2020-07-23,243,5,2020-07-25
C,Wichita Falls,2020-07-24,298,55,2020-07-25
D,Abilene,2020-04-12,479,,2020-07-25
D,Abilene,2020-04-13,478,-1,2020-07-25
D,Abilene,2020-04-14,498,20,2020-07-25
D,Abilene,2020-04-15,451,-47,2020-07-25
D,Abilene,2020-04-16,460,9,2020-07-25
D,Abilene,2020-04-17,453,-7,2020-07-25
D,Abilene,2020-04-18,444,-9,2020-07-25
D,Abilene,2020-04-19,450,6,2020-07-25
D,Abilene,2020-04-20,443,-7,2020-07-25
D,Abilene,2020-04-21,420,-23,2020-07-25
D,Abilene,2020-04-22,436,16,2020-07-25
D,Abilene,2020-04-23,427,-9,2020-07-25
D,Abilene,2020-04-24,450,23,2020-07-25
D,Abilene,2020-04-25,438,-12,2020-07-25
D,Abilene,2020-04-26,436,-2,2020-07-25
D,Abilene,2020-04-27,437,1,2020-07-25
D,Abilene,2020-04-28,457,20,2020-07-25
D,Abilene,2020-04-29,456,-1,2020-07-25
D,Abilene,2020-04-30,455,-1,2020-07-25
D,Abilene,2020-05-01,454,-1,2020-07-25
D,Abilene,2020-05-02,415,-39,2020-07-25
D,Abilene,2020-05-03,433,18,2020-07-25
D,Abilene,2020-05-04,434,1,2020-07-25
D,Abilene,2020-05-05,414,-20,2020-07-25
D,Abilene,2020-05-06,412,-2,2020-07-25
D,Abilene,2020-05-07,422,10,2020-07-25
D,Abilene,2020-05-08,414,-8,2020-07-25
D,Abilene,2020-05-09,424,10,2020-07-25
D,Abilene,2020-05-10,415,-9,2020-07-25
D,Abilene,2020-05-11,405,-10,2020-07-25
D,Abilene,2020-05-12,410,5,2020-07-25
D,Abilene,2020-05-13,360,-50,2020-07-25
D,Abilene,2020-05-14,384,24,2020-07-25
D,Abilene,2020-05-15,388,4,2020-07-25
D,Abilene,2020-05-16,393,5,2020-07-25
D,Abilene,2020-05-17,370,-23,2020-07-25
D,Abilene,2020-05-18,466,96,2020-07-25
D,Abilene,2020-05-19,453,-13,2020-07-25
D,Abilene,2020-05-20,437,-16,2020-07-25
D,Abilene,2020-05-21,424,-13,2020-07-25
D,Abilene,2020-05-22,437,13,2020-07-25
D,Abilene,2020-05-23,436,-1,2020-07-25
D,Abilene,2020-05-24,282,-154,2020-07-25
D,Abilene,2020-05-25,429,147,2020-07-25
D,Abilene,2020-05-26,423,-6,2020-07-25
D,Abilene,2020-05-27,419,-4,2020-07-25
D,Abilene,2020-05-28,424,5,2020-07-25
D,Abilene,2020-05-29,473,49,2020-07-25
D,Abilene,2020-05-30,419,-54,2020-07-25
D,Abilene,2020-05-31,447,28,2020-07-25
D,Abilene,2020-06-01,413,-34,2020-07-25
D,Abilene,2020-06-02,407,-6,2020-07-25
D,Abilene,2020-06-03,349,-58,2020-07-25
D,Abilene,2020-06-04,333,-16,2020-07-25
D,Abilene,2020-06-05,336,3,2020-07-25
D,Abilene,2020-06-06,405,69,2020-07-25
D,Abilene,2020-06-07,386,-19,2020-07-25
D,Abilene,2020-06-08,355,-31,2020-07-25
D,Abilene,2020-06-09,493,138,2020-07-25
D,Abilene,2020-06-10,463,-30,2020-07-25
D,Abilene,2020-06-11,372,-91,2020-07-25
D,Abilene,2020-06-12,403,31,2020-07-25
D,Abilene,2020-06-13,354,-49,2020-07-25
D,Abilene,2020-06-14,402,48,2020-07-25
D,Abilene,2020-06-15,316,-86,2020-07-25
D,Abilene,2020-06-16,376,60,2020-07-25
D,Abilene,2020-06-17,452,76,2020-07-25
D,Abilene,2020-06-18,441,-11,2020-07-25
D,Abilene,2020-06-19,456,15,2020-07-25
D,Abilene,2020-06-20,384,-72,2020-07-25
D,Abilene,2020-06-21,399,15,2020-07-25
D,Abilene,2020-06-22,387,-12,2020-07-25
D,Abilene,2020-06-23,434,47,2020-07-25
D,Abilene,2020-06-24,439,5,2020-07-25
D,Abilene,2020-06-25,430,-9,2020-07-25
D,Abilene,2020-06-26,455,25,2020-07-25
D,Abilene,2020-06-27,453,-2,2020-07-25
D,Abilene,2020-06-28,461,8,2020-07-25
D,Abilene,2020-06-29,398,-63,2020-07-25
D,Abilene,2020-06-30,424,26,2020-07-25
D,Abilene,2020-07-01,435,11,2020-07-25
D,Abilene,2020-07-02,387,-48,2020-07-25
D,Abilene,2020-07-03,380,-7,2020-07-25
D,Abilene,2020-07-04,427,47,2020-07-25
D,Abilene,2020-07-05,429,2,2020-07-25
D,Abilene,2020-07-06,307,-122,2020-07-25
D,Abilene,2020-07-07,465,158,2020-07-25
D,Abilene,2020-07-08,475,10,2020-07-25
D,Abilene,2020-07-09,468,-7,2020-07-25
D,Abilene,2020-07-10,324,-144,2020-07-25
D,Abilene,2020-07-11,391,67,2020-07-25
D,Abilene,2020-07-12,439,48,2020-07-25
D,Abilene,2020-07-13,451,12,2020-07-25
D,Abilene,2020-07-14,460,9,2020-07-25
D,Abilene,2020-07-15,405,-55,2020-07-25
D,Abilene,2020-07-16,399,-6,2020-07-25
D,Abilene,2020-07-17,363,-36,2020-07-25
D,Abilene,2020-07-18,413,50,2020-07-25
D,Abilene,2020-07-19,467,54,2020-07-25
D,Abilene,2020-07-20,451,-16,2020-07-25
D,Abilene,2020-07-21,502,51,2020-07-25
D,Abilene,2020-07-22,462,-40,2020-07-25
D,Abilene,2020-07-23,706,244,2020-07-25
D,Abilene,2020-07-24,805,99,2020-07-25
E,Dallas/Ft. Worth,2020-04-12,5095,,2020-07-25
E,Dallas/Ft. Worth,2020-04-13,5223,128,2020-07-25
E,Dallas/Ft. Worth,2020-04-14,5347,124,2020-07-25
E,Dallas/Ft. Worth,2020-04-15,6379,1032,2020-07-25
E,Dallas/Ft. Worth,2020-04-16,5453,-926,2020-07-25
E,Dallas/Ft. Worth,2020-04-17,5670,217,2020-07-25
E,Dallas/Ft. Worth,2020-04-18,5004,-666,2020-07-25
E,Dallas/Ft. Worth,2020-04-19,5703,699,2020-07-25
E,Dallas/Ft. Worth,2020-04-20,5076,-627,2020-07-25
E,Dallas/Ft. Worth,2020-04-21,5728,652,2020-07-25
E,Dallas/Ft. Worth,2020-04-22,5091,-637,2020-07-25
E,Dallas/Ft. Worth,2020-04-23,5127,36,2020-07-25
E,Dallas/Ft. Worth,2020-04-24,5280,153,2020-07-25
E,Dallas/Ft. Worth,2020-04-25,5092,-188,2020-07-25
E,Dallas/Ft. Worth,2020-04-26,4963,-129,2020-07-25
E,Dallas/Ft. Worth,2020-04-27,5305,342,2020-07-25
E,Dallas/Ft. Worth,2020-04-28,5553,248,2020-07-25
E,Dallas/Ft. Worth,2020-04-29,5467,-86,2020-07-25
E,Dallas/Ft. Worth,2020-04-30,4702,-765,2020-07-25
E,Dallas/Ft. Worth,2020-05-01,4922,220,2020-07-25
E,Dallas/Ft. Worth,2020-05-02,5143,221,2020-07-25
E,Dallas/Ft. Worth,2020-05-03,4696,-447,2020-07-25
E,Dallas/Ft. Worth,2020-05-04,4428,-268,2020-07-25
E,Dallas/Ft. Worth,2020-05-05,4295,-133,2020-07-25
E,Dallas/Ft. Worth,2020-05-06,4538,243,2020-07-25
E,Dallas/Ft. Worth,2020-05-07,4222,-316,2020-07-25
E,Dallas/Ft. Worth,2020-05-08,4257,35,2020-07-25
E,Dallas/Ft. Worth,2020-05-09,4344,87,2020-07-25
E,Dallas/Ft. Worth,2020-05-10,4365,21,2020-07-25
E,Dallas/Ft. Worth,2020-05-11,4352,-13,2020-07-25
E,Dallas/Ft. Worth,2020-05-12,4593,241,2020-07-25
E,Dallas/Ft. Worth,2020-05-13,4280,-313,2020-07-25
E,Dallas/Ft. Worth,2020-05-14,3911,-369,2020-07-25
E,Dallas/Ft. Worth,2020-05-15,4003,92,2020-07-25
E,Dallas/Ft. Worth,2020-05-16,3657,-346,2020-07-25
E,Dallas/Ft. Worth,2020-05-17,3853,196,2020-07-25
E,Dallas/Ft. Worth,2020-05-18,3602,-251,2020-07-25
E,Dallas/Ft. Worth,2020-05-19,4091,489,2020-07-25
E,Dallas/Ft. Worth,2020-05-20,4172,81,2020-07-25
E,Dallas/Ft. Worth,2020-05-21,3668,-504,2020-07-25
E,Dallas/Ft. Worth,2020-05-22,3570,-98,2020-07-25
E,Dallas/Ft. Worth,2020-05-23,3427,-143,2020-07-25
E,Dallas/Ft. Worth,2020-05-24,3404,-23,2020-07-25
E,Dallas/Ft. Worth,2020-05-25,3693,289,2020-07-25
E,Dallas/Ft. Worth,2020-05-26,3813,120,2020-07-25
E,Dallas/Ft. Worth,2020-05-27,3627,-186,2020-07-25
E,Dallas/Ft. Worth,2020-05-28,3336,-291,2020-07-25
E,Dallas/Ft. Worth,2020-05-29,3908,572,2020-07-25
E,Dallas/Ft. Worth,2020-05-30,3535,-373,2020-07-25
E,Dallas/Ft. Worth,2020-05-31,3822,287,2020-07-25
E,Dallas/Ft. Worth,2020-06-01,3872,50,2020-07-25
E,Dallas/Ft. Worth,2020-06-02,3978,106,2020-07-25
E,Dallas/Ft. Worth,2020-06-03,3524,-454,2020-07-25
E,Dallas/Ft. Worth,2020-06-04,3708,184,2020-07-25
E,Dallas/Ft. Worth,2020-06-05,3314,-394,2020-07-25
E,Dallas/Ft. Worth,2020-06-06,3370,56,2020-07-25
E,Dallas/Ft. Worth,2020-06-07,3444,74,2020-07-25
E,Dallas/Ft. Worth,2020-06-08,3291,-153,2020-07-25
E,Dallas/Ft. Worth,2020-06-09,3314,23,2020-07-25
E,Dallas/Ft. Worth,2020-06-10,3028,-286,2020-07-25
E,Dallas/Ft. Worth,2020-06-11,2934,-94,2020-07-25
E,Dallas/Ft. Worth,2020-06-12,2926,-8,2020-07-25
E,Dallas/Ft. Worth,2020-06-13,2948,22,2020-07-25
E,Dallas/Ft. Worth,2020-06-14,3307,359,2020-07-25
E,Dallas/Ft. Worth,2020-06-15,3074,-233,2020-07-25
E,Dallas/Ft. Worth,2020-06-16,3382,308,2020-07-25
E,Dallas/Ft. Worth,2020-06-17,3113,-269,2020-07-25
E,Dallas/Ft. Worth,2020-06-18,3037,-76,2020-07-25
E,Dallas/Ft. Worth,2020-06-19,3031,-6,2020-07-25
E,Dallas/Ft. Worth,2020-06-20,3057,26,2020-07-25
E,Dallas/Ft. Worth,2020-06-21,3177,120,2020-07-25
E,Dallas/Ft. Worth,2020-06-22,3346,169,2020-07-25
E,Dallas/Ft. Worth,2020-06-23,3340,-6,2020-07-25
E,Dallas/Ft. Worth,2020-06-24,3113,-227,2020-07-25
E,Dallas/Ft. Worth,2020-06-25,2884,-229,2020-07-25
E,Dallas/Ft. Worth,2020-06-26,2725,-159,2020-07-25
E,Dallas/Ft. Worth,2020-06-27,2765,40,2020-07-25
E,Dallas/Ft. Worth,2020-06-28,2789,24,2020-07-25
E,Dallas/Ft. Worth,2020-06-29,2937,148,2020-07-25
E,Dallas/Ft. Worth,2020-06-30,2959,22,2020-07-25
E,Dallas/Ft. Worth,2020-07-01,3184,225,2020-07-25
E,Dallas/Ft. Worth,2020-07-02,2463,-721,2020-07-25
E,Dallas/Ft. Worth,2020-07-03,2508,45,2020-07-25
E,Dallas/Ft. Worth,2020-07-04,2692,184,2020-07-25
E,Dallas/Ft. Worth,2020-07-05,3047,355,2020-07-25
E,Dallas/Ft. Worth,2020-07-06,2907,-140,2020-07-25
E,Dallas/Ft. Worth,2020-07-07,2715,-192,2020-07-25
E,Dallas/Ft. Worth,2020-07-08,2451,-264,2020-07-25
E,Dallas/Ft. Worth,2020-07-09,2293,-158,2020-07-25
E,Dallas/Ft. Worth,2020-07-10,2142,-151,2020-07-25
E,Dallas/Ft. Worth,2020-07-11,2507,365,2020-07-25
E,Dallas/Ft. Worth,2020-07-12,2689,182,2020-07-25
E,Dallas/Ft. Worth,2020-07-13,2587,-102,2020-07-25
E,Dallas/Ft. Worth,2020-07-14,2595,8,2020-07-25
E,Dallas/Ft. Worth,2020-07-15,2485,-110,2020-07-25
E,Dallas/Ft. Worth,2020-07-16,2610,125,2020-07-25
E,Dallas/Ft. Worth,2020-07-17,2456,-154,2020-07-25
E,Dallas/Ft. Worth,2020-07-18,2549,93,2020-07-25
E,Dallas/Ft. Worth,2020-07-19,2609,60,2020-07-25
E,Dallas/Ft. Worth,2020-07-20,2735,126,2020-07-25
E,Dallas/Ft. Worth,2020-07-21,2748,13,2020-07-25
E,Dallas/Ft. Worth,2020-07-22,2477,-271,2020-07-25
E,Dallas/Ft. Worth,2020-07-23,2376,-101,2020-07-25
E,Dallas/Ft. Worth,2020-07-24,2251,-125,2020-07-25
F,Paris,2020-04-12,,,2020-07-25
F,Paris,2020-04-13,,,2020-07-25
F,Paris,2020-04-14,,,2020-07-25
F,Paris,2020-04-15,,,2020-07-25
F,Paris,2020-04-16,,,2020-07-25
F,Paris,2020-04-17,,,2020-07-25
F,Paris,2020-04-18,,,2020-07-25
F,Paris,2020-04-19,,,2020-07-25
F,Paris,2020-04-20,,,2020-07-25
F,Paris,2020-04-21,,,2020-07-25
F,Paris,2020-04-22,,,2020-07-25
F,Paris,2020-04-23,,,2020-07-25
F,Paris,2020-04-24,,,2020-07-25
F,Paris,2020-04-25,,,2020-07-25
F,Paris,2020-04-26,,,2020-07-25
F,Paris,2020-04-27,,,2020-07-25
F,Paris,2020-04-28,,,2020-07-25
F,Paris,2020-04-29,,,2020-07-25
F,Paris,2020-04-30,,,2020-07-25
F,Paris,2020-05-01,,,2020-07-25
F,Paris,2020-05-02,,,2020-07-25
F,Paris,2020-05-03,,,2020-07-25
F,Paris,2020-05-04,,,2020-07-25
F,Paris,2020-05-05,,,2020-07-25
F,Paris,2020-05-06,,,2020-07-25
F,Paris,2020-05-07,,,2020-07-25
F,Paris,2020-05-08,,,2020-07-25
F,Paris,2020-05-09,,,2020-07-25
F,Paris,2020-05-10,,,2020-07-25
F,Paris,2020-05-11,,,2020-07-25
F,Paris,2020-05-12,,,2020-07-25
F,Paris,2020-05-13,,,2020-07-25
F,Paris,2020-05-14,,,2020-07-25
F,Paris,2020-05-15,,,2020-07-25
F,Paris,2020-05-16,,,2020-07-25
F,Paris,2020-05-17,,,2020-07-25
F,Paris,2020-05-18,,,2020-07-25
F,Paris,2020-05-19,,,2020-07-25
F,Paris,2020-05-20,,,2020-07-25
F,Paris,2020-05-21,,,2020-07-25
F,Paris,2020-05-22,,,2020-07-25
F,Paris,2020-05-23,,,2020-07-25
F,Paris,2020-05-24,,,2020-07-25
F,Paris,2020-05-25,,,2020-07-25
F,Paris,2020-05-26,,,2020-07-25
F,Paris,2020-05-27,,,2020-07-25
F,Paris,2020-05-28,,,2020-07-25
F,Paris,2020-05-29,773,,2020-07-25
F,Paris,2020-05-30,764,-9,2020-07-25
F,Paris,2020-05-31,805,41,2020-07-25
F,Paris,2020-06-01,806,1,2020-07-25
F,Paris,2020-06-02,789,-17,2020-07-25
F,Paris,2020-06-03,781,-8,2020-07-25
F,Paris,2020-06-04,792,11,2020-07-25
F,Paris,2020-06-05,785,-7,2020-07-25
F,Paris,2020-06-06,783,-2,2020-07-25
F,Paris,2020-06-07,784,1,2020-07-25
F,Paris,2020-06-08,785,1,2020-07-25
F,Paris,2020-06-09,765,-20,2020-07-25
F,Paris,2020-06-10,763,-2,2020-07-25
F,Paris,2020-06-11,688,-75,2020-07-25
F,Paris,2020-06-12,789,101,2020-07-25
F,Paris,2020-06-13,786,-3,2020-07-25
F,Paris,2020-06-14,786,0,2020-07-25
F,Paris,2020-06-15,779,-7,2020-07-25
F,Paris,2020-06-16,787,8,2020-07-25
F,Paris,2020-06-17,793,6,2020-07-25
F,Paris,2020-06-18,780,-13,2020-07-25
F,Paris,2020-06-19,786,6,2020-07-25
F,Paris,2020-06-20,793,7,2020-07-25
F,Paris,2020-06-21,795,2,2020-07-25
F,Paris,2020-06-22,767,-28,2020-07-25
F,Paris,2020-06-23,780,13,2020-07-25
F,Paris,2020-06-24,793,13,2020-07-25
F,Paris,2020-06-25,775,-18,2020-07-25
F,Paris,2020-06-26,781,6,2020-07-25
F,Paris,2020-06-27,770,-11,2020-07-25
F,Paris,2020-06-28,794,24,2020-07-25
F,Paris,2020-06-29,798,4,2020-07-25
F,Paris,2020-06-30,803,5,2020-07-25
F,Paris,2020-07-01,782,-21,2020-07-25
F,Paris,2020-07-02,796,14,2020-07-25
F,Paris,2020-07-03,824,28,2020-07-25
F,Paris,2020-07-04,819,-5,2020-07-25
F,Paris,2020-07-05,815,-4,2020-07-25
F,Paris,2020-07-06,770,-45,2020-07-25
F,Paris,2020-07-07,816,46,2020-07-25
F,Paris,2020-07-08,803,-13,2020-07-25
F,Paris,2020-07-09,786,-17,2020-07-25
F,Paris,2020-07-10,794,8,2020-07-25
F,Paris,2020-07-11,805,11,2020-07-25
F,Paris,2020-07-12,809,4,2020-07-25
F,Paris,2020-07-13,804,-5,2020-07-25
F,Paris,2020-07-14,788,-16,2020-07-25
F,Paris,2020-07-15,772,-16,2020-07-25
F,Paris,2020-07-16,782,10,2020-07-25
F,Paris,2020-07-17,799,17,2020-07-25
F,Paris,2020-07-18,801,2,2020-07-25
F,Paris,2020-07-19,769,-32,2020-07-25
F,Paris,2020-07-20,805,36,2020-07-25
F,Paris,2020-07-21,802,-3,2020-07-25
F,Paris,2020-07-22,798,-4,2020-07-25
F,Paris,2020-07-23,462,-336,2020-07-25
F,Paris,2020-07-24,838,376,2020-07-25
G,Longview/Tyler,2020-04-12,714,,2020-07-25
G,Longview/Tyler,2020-04-13,734,20,2020-07-25
G,Longview/Tyler,2020-04-14,739,5,2020-07-25
G,Longview/Tyler,2020-04-15,752,13,2020-07-25
G,Longview/Tyler,2020-04-16,682,-70,2020-07-25
G,Longview/Tyler,2020-04-17,736,54,2020-07-25
G,Longview/Tyler,2020-04-18,665,-71,2020-07-25
G,Longview/Tyler,2020-04-19,589,-76,2020-07-25
G,Longview/Tyler,2020-04-20,610,21,2020-07-25
G,Longview/Tyler,2020-04-21,659,49,2020-07-25
G,Longview/Tyler,2020-04-22,595,-64,2020-07-25
G,Longview/Tyler,2020-04-23,590,-5,2020-07-25
G,Longview/Tyler,2020-04-24,664,74,2020-07-25
G,Longview/Tyler,2020-04-25,618,-46,2020-07-25
G,Longview/Tyler,2020-04-26,578,-40,2020-07-25
G,Longview/Tyler,2020-04-27,567,-11,2020-07-25
G,Longview/Tyler,2020-04-28,626,59,2020-07-25
G,Longview/Tyler,2020-04-29,582,-44,2020-07-25
G,Longview/Tyler,2020-04-30,596,14,2020-07-25
G,Longview/Tyler,2020-05-01,601,5,2020-07-25
G,Longview/Tyler,2020-05-02,539,-62,2020-07-25
G,Longview/Tyler,2020-05-03,545,6,2020-07-25
G,Longview/Tyler,2020-05-04,612,67,2020-07-25
G,Longview/Tyler,2020-05-05,595,-17,2020-07-25
G,Longview/Tyler,2020-05-06,508,-87,2020-07-25
G,Longview/Tyler,2020-05-07,500,-8,2020-07-25
G,Longview/Tyler,2020-05-08,536,36,2020-07-25
G,Longview/Tyler,2020-05-09,548,12,2020-07-25
G,Longview/Tyler,2020-05-10,607,59,2020-07-25
G,Longview/Tyler,2020-05-11,617,10,2020-07-25
G,Longview/Tyler,2020-05-12,651,34,2020-07-25
G,Longview/Tyler,2020-05-13,535,-116,2020-07-25
G,Longview/Tyler,2020-05-14,555,20,2020-07-25
G,Longview/Tyler,2020-05-15,575,20,2020-07-25
G,Longview/Tyler,2020-05-16,531,-44,2020-07-25
G,Longview/Tyler,2020-05-17,470,-61,2020-07-25
G,Longview/Tyler,2020-05-18,567,97,2020-07-25
G,Longview/Tyler,2020-05-19,572,5,2020-07-25
G,Longview/Tyler,2020-05-20,416,-156,2020-07-25
G,Longview/Tyler,2020-05-21,442,26,2020-07-25
G,Longview/Tyler,2020-05-22,440,-2,2020-07-25
G,Longview/Tyler,2020-05-23,457,17,2020-07-25
G,Longview/Tyler,2020-05-24,423,-34,2020-07-25
G,Longview/Tyler,2020-05-25,482,59,2020-07-25
G,Longview/Tyler,2020-05-26,497,15,2020-07-25
G,Longview/Tyler,2020-05-27,508,11,2020-07-25
G,Longview/Tyler,2020-05-28,458,-50,2020-07-25
G,Longview/Tyler,2020-05-29,518,60,2020-07-25
G,Longview/Tyler,2020-05-30,583,65,2020-07-25
G,Longview/Tyler,2020-05-31,570,-13,2020-07-25
G,Longview/Tyler,2020-06-01,601,31,2020-07-25
G,Longview/Tyler,2020-06-02,652,51,2020-07-25
G,Longview/Tyler,2020-06-03,514,-138,2020-07-25
G,Longview/Tyler,2020-06-04,534,20,2020-07-25
G,Longview/Tyler,2020-06-05,540,6,2020-07-25
G,Longview/Tyler,2020-06-06,538,-2,2020-07-25
G,Longview/Tyler,2020-06-07,582,44,2020-07-25
G,Longview/Tyler,2020-06-08,484,-98,2020-07-25
G,Longview/Tyler,2020-06-09,558,74,2020-07-25
G,Longview/Tyler,2020-06-10,470,-88,2020-07-25
G,Longview/Tyler,2020-06-11,441,-29,2020-07-25
G,Longview/Tyler,2020-06-12,530,89,2020-07-25
G,Longview/Tyler,2020-06-13,542,12,2020-07-25
G,Longview/Tyler,2020-06-14,529,-13,2020-07-25
G,Longview/Tyler,2020-06-15,508,-21,2020-07-25
G,Longview/Tyler,2020-06-16,515,7,2020-07-25
G,Longview/Tyler,2020-06-17,433,-82,2020-07-25
G,Longview/Tyler,2020-06-18,428,-5,2020-07-25
G,Longview/Tyler,2020-06-19,445,17,2020-07-25
G,Longview/Tyler,2020-06-20,408,-37,2020-07-25
G,Longview/Tyler,2020-06-21,511,103,2020-07-25
G,Longview/Tyler,2020-06-22,516,5,2020-07-25
G,Longview/Tyler,2020-06-23,547,31,2020-07-25
G,Longview/Tyler,2020-06-24,425,-122,2020-07-25
G,Longview/Tyler,2020-06-25,438,13,2020-07-25
G,Longview/Tyler,2020-06-26,435,-3,2020-07-25
G,Longview/Tyler,2020-06-27,541,106,2020-07-25
G,Longview/Tyler,2020-06-28,521,-20,2020-07-25
G,Longview/Tyler,2020-06-29,603,82,2020-07-25
G,Longview/Tyler,2020-06-30,579,-24,2020-07-25
G,Longview/Tyler,2020-07-01,559,-20,2020-07-25
G,Longview/Tyler,2020-07-02,484,-75,2020-07-25
G,Longview/Tyler,2020-07-03,500,16,2020-07-25
G,Longview/Tyler,2020-07-04,554,54,2020-07-25
G,Longview/Tyler,2020-07-05,577,23,2020-07-25
G,Longview/Tyler,2020-07-06,533,-44,2020-07-25
G,Longview/Tyler,2020-07-07,612,79,2020-07-25
G,Longview/Tyler,2020-07-08,509,-103,2020-07-25
G,Longview/Tyler,2020-07-09,477,-32,2020-07-25
G,Longview/Tyler,2020-07-10,461,-16,2020-07-25
G,Longview/Tyler,2020-07-11,482,21,2020-07-25
G,Longview/Tyler,2020-07-12,547,65,2020-07-25
G,Longview/Tyler,2020-07-13,543,-4,2020-07-25
G,Longview/Tyler,2020-07-14,533,-10,2020-07-25
G,Longview/Tyler,2020-07-15,464,-69,2020-07-25
G,Longview/Tyler,2020-07-16,484,20,2020-07-25
G,Longview/Tyler,2020-07-17,457,-27,2020-07-25
G,Longview/Tyler,2020-07-18,432,-25,2020-07-25
G,Longview/Tyler,2020-07-19,455,23,2020-07-25
G,Longview/Tyler,2020-07-20,472,17,2020-07-25
G,Longview/Tyler,2020-07-21,461,-11,2020-07-25
G,Longview/Tyler,2020-07-22,397,-64,2020-07-25
G,Longview/Tyler,2020-07-23,389,-8,2020-07-25
G,Longview/Tyler,2020-07-24,399,10,2020-07-25
H,Lufkin,2020-04-12,257,,2020-07-25
H,Lufkin,2020-04-13,253,-4,2020-07-25
H,Lufkin,2020-04-14,217,-36,2020-07-25
H,Lufkin,2020-04-15,230,13,2020-07-25
H,Lufkin,2020-04-16,281,51,2020-07-25
H,Lufkin,2020-04-17,242,-39,2020-07-25
H,Lufkin,2020-04-18,281,39,2020-07-25
H,Lufkin,2020-04-19,279,-2,2020-07-25
H,Lufkin,2020-04-20,287,8,2020-07-25
H,Lufkin,2020-04-21,286,-1,2020-07-25
H,Lufkin,2020-04-22,297,11,2020-07-25
H,Lufkin,2020-04-23,241,-56,2020-07-25
H,Lufkin,2020-04-24,233,-8,2020-07-25
H,Lufkin,2020-04-25,237,4,2020-07-25
H,Lufkin,2020-04-26,269,32,2020-07-25
H,Lufkin,2020-04-27,271,2,2020-07-25
H,Lufkin,2020-04-28,287,16,2020-07-25
H,Lufkin,2020-04-29,276,-11,2020-07-25
H,Lufkin,2020-04-30,281,5,2020-07-25
H,Lufkin,2020-05-01,287,6,2020-07-25
H,Lufkin,2020-05-02,278,-9,2020-07-25
H,Lufkin,2020-05-03,279,1,2020-07-25
H,Lufkin,2020-05-04,270,-9,2020-07-25
H,Lufkin,2020-05-05,262,-8,2020-07-25
H,Lufkin,2020-05-06,236,-26,2020-07-25
H,Lufkin,2020-05-07,234,-2,2020-07-25
H,Lufkin,2020-05-08,260,26,2020-07-25
H,Lufkin,2020-05-09,252,-8,2020-07-25
H,Lufkin,2020-05-10,234,-18,2020-07-25
H,Lufkin,2020-05-11,256,22,2020-07-25
H,Lufkin,2020-05-12,260,4,2020-07-25
H,Lufkin,2020-05-13,279,19,2020-07-25
H,Lufkin,2020-05-14,291,12,2020-07-25
H,Lufkin,2020-05-15,247,-44,2020-07-25
H,Lufkin,2020-05-16,262,15,2020-07-25
H,Lufkin,2020-05-17,270,8,2020-07-25
H,Lufkin,2020-05-18,270,0,2020-07-25
H,Lufkin,2020-05-19,244,-26,2020-07-25
H,Lufkin,2020-05-20,235,-9,2020-07-25
H,Lufkin,2020-05-21,206,-29,2020-07-25
H,Lufkin,2020-05-22,230,24,2020-07-25
H,Lufkin,2020-05-23,266,36,2020-07-25
H,Lufkin,2020-05-24,258,-8,2020-07-25
H,Lufkin,2020-05-25,261,3,2020-07-25
H,Lufkin,2020-05-26,269,8,2020-07-25
H,Lufkin,2020-05-27,269,0,2020-07-25
H,Lufkin,2020-05-28,184,-85,2020-07-25
H,Lufkin,2020-05-29,197,13,2020-07-25
H,Lufkin,2020-05-30,246,49,2020-07-25
H,Lufkin,2020-05-31,225,-21,2020-07-25
H,Lufkin,2020-06-01,228,3,2020-07-25
H,Lufkin,2020-06-02,246,18,2020-07-25
H,Lufkin,2020-06-03,210,-36,2020-07-25
H,Lufkin,2020-06-04,246,36,2020-07-25
H,Lufkin,2020-06-05,239,-7,2020-07-25
H,Lufkin,2020-06-06,239,0,2020-07-25
H,Lufkin,2020-06-07,235,-4,2020-07-25
H,Lufkin,2020-06-08,250,15,2020-07-25
H,Lufkin,2020-06-09,236,-14,2020-07-25
H,Lufkin,2020-06-10,210,-26,2020-07-25
H,Lufkin,2020-06-11,215,5,2020-07-25
H,Lufkin,2020-06-12,217,2,2020-07-25
H,Lufkin,2020-06-13,201,-16,2020-07-25
H,Lufkin,2020-06-14,215,14,2020-07-25
H,Lufkin,2020-06-15,207,-8,2020-07-25
H,Lufkin,2020-06-16,228,21,2020-07-25
H,Lufkin,2020-06-17,201,-27,2020-07-25
H,Lufkin,2020-06-18,193,-8,2020-07-25
H,Lufkin,2020-06-19,194,1,2020-07-25
H,Lufkin,2020-06-20,191,-3,2020-07-25
H,Lufkin,2020-06-21,256,65,2020-07-25
H,Lufkin,2020-06-22,230,-26,2020-07-25
H,Lufkin,2020-06-23,231,1,2020-07-25
H,Lufkin,2020-06-24,200,-31,2020-07-25
H,Lufkin,2020-06-25,200,0,2020-07-25
H,Lufkin,2020-06-26,222,22,2020-07-25
H,Lufkin,2020-06-27,194,-28,2020-07-25
H,Lufkin,2020-06-28,209,15,2020-07-25
H,Lufkin,2020-06-29,228,19,2020-07-25
H,Lufkin,2020-06-30,236,8,2020-07-25
H,Lufkin,2020-07-01,188,-48,2020-07-25
H,Lufkin,2020-07-02,179,-9,2020-07-25
H,Lufkin,2020-07-03,201,22,2020-07-25
H,Lufkin,2020-07-04,234,33,2020-07-25
H,Lufkin,2020-07-05,227,-7,2020-07-25
H,Lufkin,2020-07-06,247,20,2020-07-25
H,Lufkin,2020-07-07,210,-37,2020-07-25
H,Lufkin,2020-07-08,169,-41,2020-07-25
H,Lufkin,2020-07-09,157,-12,2020-07-25
H,Lufkin,2020-07-10,133,-24,2020-07-25
H,Lufkin,2020-07-11,155,22,2020-07-25
H,Lufkin,2020-07-12,183,28,2020-07-25
H,Lufkin,2020-07-13,182,-1,2020-07-25
H,Lufkin,2020-07-14,174,-8,2020-07-25
H,Lufkin,2020-07-15,181,7,2020-07-25
H,Lufkin,2020-07-16,136,-45,2020-07-25
H,Lufkin,2020-07-17,97,-39,2020-07-25
H,Lufkin,2020-07-18,100,3,2020-07-25
H,Lufkin,2020-07-19,130,30,2020-07-25
H,Lufkin,2020-07-20,122,-8,2020-07-25
H,Lufkin,2020-07-21,86,-36,2020-07-25
H,Lufkin,2020-07-22,132,46,2020-07-25
H,Lufkin,2020-07-23,354,222,2020-07-25
H,Lufkin,2020-07-24,108,-246,2020-07-25
I,El Paso,2020-04-12,702,,2020-07-25
I,El Paso,2020-04-13,693,-9,2020-07-25
I,El Paso,2020-04-14,693,0,2020-07-25
I,El Paso,2020-04-15,704,11,2020-07-25
I,El Paso,2020-04-16,705,1,2020-07-25
I,El Paso,2020-04-17,696,-9,2020-07-25
I,El Paso,2020-04-18,720,24,2020-07-25
I,El Paso,2020-04-19,714,-6,2020-07-25
I,El Paso,2020-04-20,710,-4,2020-07-25
I,El Paso,2020-04-21,296,-414,2020-07-25
I,El Paso,2020-04-22,552,256,2020-07-25
I,El Paso,2020-04-23,570,18,2020-07-25
I,El Paso,2020-04-24,585,15,2020-07-25
I,El Paso,2020-04-25,538,-47,2020-07-25
I,El Paso,2020-04-26,529,-9,2020-07-25
I,El Paso,2020-04-27,536,7,2020-07-25
I,El Paso,2020-04-28,584,48,2020-07-25
I,El Paso,2020-04-29,601,17,2020-07-25
I,El Paso,2020-04-30,521,-80,2020-07-25
I,El Paso,2020-05-01,518,-3,2020-07-25
I,El Paso,2020-05-02,543,25,2020-07-25
I,El Paso,2020-05-03,589,46,2020-07-25
I,El Paso,2020-05-04,584,-5,2020-07-25
I,El Paso,2020-05-05,532,-52,2020-07-25
I,El Paso,2020-05-06,525,-7,2020-07-25
I,El Paso,2020-05-07,519,-6,2020-07-25
I,El Paso,2020-05-08,558,39,2020-07-25
I,El Paso,2020-05-09,543,-15,2020-07-25
I,El Paso,2020-05-10,578,35,2020-07-25
I,El Paso,2020-05-11,653,75,2020-07-25
I,El Paso,2020-05-12,681,28,2020-07-25
I,El Paso,2020-05-13,648,-33,2020-07-25
I,El Paso,2020-05-14,672,24,2020-07-25
I,El Paso,2020-05-15,603,-69,2020-07-25
I,El Paso,2020-05-16,682,79,2020-07-25
I,El Paso,2020-05-17,712,30,2020-07-25
I,El Paso,2020-05-18,745,33,2020-07-25
I,El Paso,2020-05-19,646,-99,2020-07-25
I,El Paso,2020-05-20,584,-62,2020-07-25
I,El Paso,2020-05-21,581,-3,2020-07-25
I,El Paso,2020-05-22,601,20,2020-07-25
I,El Paso,2020-05-23,625,24,2020-07-25
I,El Paso,2020-05-24,648,23,2020-07-25
I,El Paso,2020-05-25,670,22,2020-07-25
I,El Paso,2020-05-26,694,24,2020-07-25
I,El Paso,2020-05-27,736,42,2020-07-25
I,El Paso,2020-05-28,611,-125,2020-07-25
I,El Paso,2020-05-29,498,-113,2020-07-25
I,El Paso,2020-05-30,527,29,2020-07-25
I,El Paso,2020-05-31,530,3,2020-07-25
I,El Paso,2020-06-01,544,14,2020-07-25
I,El Paso,2020-06-02,541,-3,2020-07-25
I,El Paso,2020-06-03,526,-15,2020-07-25
I,El Paso,2020-06-04,534,8,2020-07-25
I,El Paso,2020-06-05,519,-15,2020-07-25
I,El Paso,2020-06-06,506,-13,2020-07-25
I,El Paso,2020-06-07,505,-1,2020-07-25
I,El Paso,2020-06-08,501,-4,2020-07-25
I,El Paso,2020-06-09,476,-25,2020-07-25
I,El Paso,2020-06-10,517,41,2020-07-25
I,El Paso,2020-06-11,500,-17,2020-07-25
I,El Paso,2020-06-12,536,36,2020-07-25
I,El Paso,2020-06-13,526,-10,2020-07-25
I,El Paso,2020-06-14,586,60,2020-07-25
I,El Paso,2020-06-15,568,-18,2020-07-25
I,El Paso,2020-06-16,563,-5,2020-07-25
I,El Paso,2020-06-17,576,13,2020-07-25
I,El Paso,2020-06-18,542,-34,2020-07-25
I,El Paso,2020-06-19,566,24,2020-07-25
I,El Paso,2020-06-20,531,-35,2020-07-25
I,El Paso,2020-06-21,512,-19,2020-07-25
I,El Paso,2020-06-22,519,7,2020-07-25
I,El Paso,2020-06-23,491,-28,2020-07-25
I,El Paso,2020-06-24,466,-25,2020-07-25
I,El Paso,2020-06-25,463,-3,2020-07-25
I,El Paso,2020-06-26,447,-16,2020-07-25
I,El Paso,2020-06-27,437,-10,2020-07-25
I,El Paso,2020-06-28,470,33,2020-07-25
I,El Paso,2020-06-29,484,14,2020-07-25
I,El Paso,2020-06-30,458,-26,2020-07-25
I,El Paso,2020-07-01,422,-36,2020-07-25
I,El Paso,2020-07-02,388,-34,2020-07-25
I,El Paso,2020-07-03,409,21,2020-07-25
I,El Paso,2020-07-04,411,2,2020-07-25
I,El Paso,2020-07-05,418,7,2020-07-25
I,El Paso,2020-07-06,399,-19,2020-07-25
I,El Paso,2020-07-07,386,-13,2020-07-25
I,El Paso,2020-07-08,381,-5,2020-07-25
I,El Paso,2020-07-09,372,-9,2020-07-25
I,El Paso,2020-07-10,368,-4,2020-07-25
I,El Paso,2020-07-11,400,32,2020-07-25
I,El Paso,2020-07-12,382,-18,2020-07-25
I,El Paso,2020-07-13,417,35,2020-07-25
I,El Paso,2020-07-14,390,-27,2020-07-25
I,El Paso,2020-07-15,358,-32,2020-07-25
I,El Paso,2020-07-16,410,52,2020-07-25
I,El Paso,2020-07-17,406,-4,2020-07-25
I,El Paso,2020-07-18,439,33,2020-07-25
I,El Paso,2020-07-19,424,-15,2020-07-25
I,El Paso,2020-07-20,439,15,2020-07-25
I,El Paso,2020-07-21,385,-54,2020-07-25
I,El Paso,2020-07-22,381,-4,2020-07-25
I,El Paso,2020-07-23,358,-23,2020-07-25
I,El Paso,2020-07-24,335,-23,2020-07-25
J,Midland/Odessa,2020-04-12,732,,2020-07-25
J,Midland/Odessa,2020-04-13,689,-43,2020-07-25
J,Midland/Odessa,2020-04-14,677,-12,2020-07-25
J,Midland/Odessa,2020-04-15,682,5,2020-07-25
J,Midland/Odessa,2020-04-16,623,-59,2020-07-25
J,Midland/Odessa,2020-04-17,637,14,2020-07-25
J,Midland/Odessa,2020-04-18,616,-21,2020-07-25
J,Midland/Odessa,2020-04-19,615,-1,2020-07-25
J,Midland/Odessa,2020-04-20,622,7,2020-07-25
J,Midland/Odessa,2020-04-21,661,39,2020-07-25
J,Midland/Odessa,2020-04-22,715,54,2020-07-25
J,Midland/Odessa,2020-04-23,379,-336,2020-07-25
J,Midland/Odessa,2020-04-24,675,296,2020-07-25
J,Midland/Odessa,2020-04-25,667,-8,2020-07-25
J,Midland/Odessa,2020-04-26,633,-34,2020-07-25
J,Midland/Odessa,2020-04-27,816,183,2020-07-25
J,Midland/Odessa,2020-04-28,826,10,2020-07-25
J,Midland/Odessa,2020-04-29,731,-95,2020-07-25
J,Midland/Odessa,2020-04-30,698,-33,2020-07-25
J,Midland/Odessa,2020-05-01,695,-3,2020-07-25
J,Midland/Odessa,2020-05-02,698,3,2020-07-25
J,Midland/Odessa,2020-05-03,640,-58,2020-07-25
J,Midland/Odessa,2020-05-04,567,-73,2020-07-25
J,Midland/Odessa,2020-05-05,562,-5,2020-07-25
J,Midland/Odessa,2020-05-06,524,-38,2020-07-25
J,Midland/Odessa,2020-05-07,540,16,2020-07-25
J,Midland/Odessa,2020-05-08,522,-18,2020-07-25
J,Midland/Odessa,2020-05-09,545,23,2020-07-25
J,Midland/Odessa,2020-05-10,601,56,2020-07-25
J,Midland/Odessa,2020-05-11,639,38,2020-07-25
J,Midland/Odessa,2020-05-12,617,-22,2020-07-25
J,Midland/Odessa,2020-05-13,636,19,2020-07-25
J,Midland/Odessa,2020-05-14,637,1,2020-07-25
J,Midland/Odessa,2020-05-15,653,16,2020-07-25
J,Midland/Odessa,2020-05-16,682,29,2020-07-25
J,Midland/Odessa,2020-05-17,698,16,2020-07-25
J,Midland/Odessa,2020-05-18,711,13,2020-07-25
J,Midland/Odessa,2020-05-19,676,-35,2020-07-25
J,Midland/Odessa,2020-05-20,598,-78,2020-07-25
J,Midland/Odessa,2020-05-21,568,-30,2020-07-25
J,Midland/Odessa,2020-05-22,579,11,2020-07-25
J,Midland/Odessa,2020-05-23,516,-63,2020-07-25
J,Midland/Odessa,2020-05-24,544,28,2020-07-25
J,Midland/Odessa,2020-05-25,572,28,2020-07-25
J,Midland/Odessa,2020-05-26,558,-14,2020-07-25
J,Midland/Odessa,2020-05-27,623,65,2020-07-25
J,Midland/Odessa,2020-05-28,549,-74,2020-07-25
J,Midland/Odessa,2020-05-29,554,5,2020-07-25
J,Midland/Odessa,2020-05-30,537,-17,2020-07-25
J,Midland/Odessa,2020-05-31,540,3,2020-07-25
J,Midland/Odessa,2020-06-01,553,13,2020-07-25
J,Midland/Odessa,2020-06-02,522,-31,2020-07-25
J,Midland/Odessa,2020-06-03,482,-40,2020-07-25
J,Midland/Odessa,2020-06-04,508,26,2020-07-25
J,Midland/Odessa,2020-06-05,475,-33,2020-07-25
J,Midland/Odessa,2020-06-06,505,30,2020-07-25
J,Midland/Odessa,2020-06-07,540,35,2020-07-25
J,Midland/Odessa,2020-06-08,536,-4,2020-07-25
J,Midland/Odessa,2020-06-09,523,-13,2020-07-25
J,Midland/Odessa,2020-06-10,462,-61,2020-07-25
J,Midland/Odessa,2020-06-11,477,15,2020-07-25
J,Midland/Odessa,2020-06-12,516,39,2020-07-25
J,Midland/Odessa,2020-06-13,517,1,2020-07-25
J,Midland/Odessa,2020-06-14,497,-20,2020-07-25
J,Midland/Odessa,2020-06-15,607,110,2020-07-25
J,Midland/Odessa,2020-06-16,446,-161,2020-07-25
J,Midland/Odessa,2020-06-17,489,43,2020-07-25
J,Midland/Odessa,2020-06-18,506,17,2020-07-25
J,Midland/Odessa,2020-06-19,512,6,2020-07-25
J,Midland/Odessa,2020-06-20,515,3,2020-07-25
J,Midland/Odessa,2020-06-21,522,7,2020-07-25
J,Midland/Odessa,2020-06-22,533,11,2020-07-25
J,Midland/Odessa,2020-06-23,622,89,2020-07-25
J,Midland/Odessa,2020-06-24,506,-116,2020-07-25
J,Midland/Odessa,2020-06-25,457,-49,2020-07-25
J,Midland/Odessa,2020-06-26,463,6,2020-07-25
J,Midland/Odessa,2020-06-27,488,25,2020-07-25
J,Midland/Odessa,2020-06-28,475,-13,2020-07-25
J,Midland/Odessa,2020-06-29,534,59,2020-07-25
J,Midland/Odessa,2020-06-30,528,-6,2020-07-25
J,Midland/Odessa,2020-07-01,458,-70,2020-07-25
J,Midland/Odessa,2020-07-02,495,37,2020-07-25
J,Midland/Odessa,2020-07-03,476,-19,2020-07-25
J,Midland/Odessa,2020-07-04,508,32,2020-07-25
J,Midland/Odessa,2020-07-05,453,-55,2020-07-25
J,Midland/Odessa,2020-07-06,530,77,2020-07-25
J,Midland/Odessa,2020-07-07,581,51,2020-07-25
J,Midland/Odessa,2020-07-08,547,-34,2020-07-25
J,Midland/Odessa,2020-07-09,551,4,2020-07-25
J,Midland/Odessa,2020-07-10,485,-66,2020-07-25
J,Midland/Odessa,2020-07-11,487,2,2020-07-25
J,Midland/Odessa,2020-07-12,462,-25,2020-07-25
J,Midland/Odessa,2020-07-13,521,59,2020-07-25
J,Midland/Odessa,2020-07-14,516,-5,2020-07-25
J,Midland/Odessa,2020-07-15,449,-67,2020-07-25
J,Midland/Odessa,2020-07-16,436,-13,2020-07-25
J,Midland/Odessa,2020-07-17,442,6,2020-07-25
J,Midland/Odessa,2020-07-18,439,-3,2020-07-25
J,Midland/Odessa,2020-07-19,432,-7,2020-07-25
J,Midland/Odessa,2020-07-20,500,68,2020-07-25
J,Midland/Odessa,2020-07-21,470,-30,2020-07-25
J,Midland/Odessa,2020-07-22,464,-6,2020-07-25
J,Midland/Odessa,2020-07-23,378,-86,2020-07-25
J,Midland/Odessa,2020-07-24,941,563,2020-07-25
K,San Angelo,2020-04-12,284,,2020-07-25
K,San Angelo,2020-04-13,293,9,2020-07-25
K,San Angelo,2020-04-14,298,5,2020-07-25
K,San Angelo,2020-04-15,280,-18,2020-07-25
K,San Angelo,2020-04-16,271,-9,2020-07-25
K,San Angelo,2020-04-17,302,31,2020-07-25
K,San Angelo,2020-04-18,297,-5,2020-07-25
K,San Angelo,2020-04-19,285,-12,2020-07-25
K,San Angelo,2020-04-20,285,0,2020-07-25
K,San Angelo,2020-04-21,264,-21,2020-07-25
K,San Angelo,2020-04-22,132,-132,2020-07-25
K,San Angelo,2020-04-23,252,120,2020-07-25
K,San Angelo,2020-04-24,177,-75,2020-07-25
K,San Angelo,2020-04-25,257,80,2020-07-25
K,San Angelo,2020-04-26,259,2,2020-07-25
K,San Angelo,2020-04-27,277,18,2020-07-25
K,San Angelo,2020-04-28,275,-2,2020-07-25
K,San Angelo,2020-04-29,274,-1,2020-07-25
K,San Angelo,2020-04-30,273,-1,2020-07-25
K,San Angelo,2020-05-01,262,-11,2020-07-25
K,San Angelo,2020-05-02,267,5,2020-07-25
K,San Angelo,2020-05-03,273,6,2020-07-25
K,San Angelo,2020-05-04,279,6,2020-07-25
K,San Angelo,2020-05-05,270,-9,2020-07-25
K,San Angelo,2020-05-06,248,-22,2020-07-25
K,San Angelo,2020-05-07,249,1,2020-07-25
K,San Angelo,2020-05-08,237,-12,2020-07-25
K,San Angelo,2020-05-09,243,6,2020-07-25
K,San Angelo,2020-05-10,247,4,2020-07-25
K,San Angelo,2020-05-11,254,7,2020-07-25
K,San Angelo,2020-05-12,239,-15,2020-07-25
K,San Angelo,2020-05-13,227,-12,2020-07-25
K,San Angelo,2020-05-14,229,2,2020-07-25
K,San Angelo,2020-05-15,248,19,2020-07-25
K,San Angelo,2020-05-16,304,56,2020-07-25
K,San Angelo,2020-05-17,223,-81,2020-07-25
K,San Angelo,2020-05-18,225,2,2020-07-25
K,San Angelo,2020-05-19,228,3,2020-07-25
K,San Angelo,2020-05-20,225,-3,2020-07-25
K,San Angelo,2020-05-21,205,-20,2020-07-25
K,San Angelo,2020-05-22,210,5,2020-07-25
K,San Angelo,2020-05-23,202,-8,2020-07-25
K,San Angelo,2020-05-24,242,40,2020-07-25
K,San Angelo,2020-05-25,247,5,2020-07-25
K,San Angelo,2020-05-26,252,5,2020-07-25
K,San Angelo,2020-05-27,239,-13,2020-07-25
K,San Angelo,2020-05-28,228,-11,2020-07-25
K,San Angelo,2020-05-29,207,-21,2020-07-25
K,San Angelo,2020-05-30,209,2,2020-07-25
K,San Angelo,2020-05-31,215,6,2020-07-25
K,San Angelo,2020-06-01,215,0,2020-07-25
K,San Angelo,2020-06-02,210,-5,2020-07-25
K,San Angelo,2020-06-03,197,-13,2020-07-25
K,San Angelo,2020-06-04,175,-22,2020-07-25
K,San Angelo,2020-06-05,184,9,2020-07-25
K,San Angelo,2020-06-06,186,2,2020-07-25
K,San Angelo,2020-06-07,210,24,2020-07-25
K,San Angelo,2020-06-08,179,-31,2020-07-25
K,San Angelo,2020-06-09,177,-2,2020-07-25
K,San Angelo,2020-06-10,171,-6,2020-07-25
K,San Angelo,2020-06-11,156,-15,2020-07-25
K,San Angelo,2020-06-12,183,27,2020-07-25
K,San Angelo,2020-06-13,176,-7,2020-07-25
K,San Angelo,2020-06-14,181,5,2020-07-25
K,San Angelo,2020-06-15,182,1,2020-07-25
K,San Angelo,2020-06-16,180,-2,2020-07-25
K,San Angelo,2020-06-17,140,-40,2020-07-25
K,San Angelo,2020-06-18,164,24,2020-07-25
K,San Angelo,2020-06-19,162,-2,2020-07-25
K,San Angelo,2020-06-20,159,-3,2020-07-25
K,San Angelo,2020-06-21,183,24,2020-07-25
K,San Angelo,2020-06-22,180,-3,2020-07-25
K,San Angelo,2020-06-23,151,-29,2020-07-25
K,San Angelo,2020-06-24,133,-18,2020-07-25
K,San Angelo,2020-06-25,131,-2,2020-07-25
K,San Angelo,2020-06-26,141,10,2020-07-25
K,San Angelo,2020-06-27,144,3,2020-07-25
K,San Angelo,2020-06-28,173,29,2020-07-25
K,San Angelo,2020-06-29,195,22,2020-07-25
K,San Angelo,2020-06-30,195,0,2020-07-25
K,San Angelo,2020-07-01,177,-18,2020-07-25
K,San Angelo,2020-07-02,170,-7,2020-07-25
K,San Angelo,2020-07-03,162,-8,2020-07-25
K,San Angelo,2020-07-04,188,26,2020-07-25
K,San Angelo,2020-07-05,184,-4,2020-07-25
K,San Angelo,2020-07-06,185,1,2020-07-25
K,San Angelo,2020-07-07,168,-17,2020-07-25
K,San Angelo,2020-07-08,142,-26,2020-07-25
K,San Angelo,2020-07-09,176,34,2020-07-25
K,San Angelo,2020-07-10,175,-1,2020-07-25
K,San Angelo,2020-07-11,174,-1,2020-07-25
K,San Angelo,2020-07-12,187,13,2020-07-25
K,San Angelo,2020-07-13,170,-17,2020-07-25
K,San Angelo,2020-07-14,158,-12,2020-07-25
K,San Angelo,2020-07-15,186,28,2020-07-25
K,San Angelo,2020-07-16,192,6,2020-07-25
K,San Angelo,2020-07-17,192,0,2020-07-25
K,San Angelo,2020-07-18,191,-1,2020-07-25
K,San Angelo,2020-07-19,196,5,2020-07-25
K,San Angelo,2020-07-20,193,-3,2020-07-25
K,San Angelo,2020-07-21,184,-9,2020-07-25
K,San Angelo,2020-07-22,165,-19,2020-07-25
K,San Angelo,2020-07-23,127,-38,2020-07-25
K,San Angelo,2020-07-24,129,2,2020-07-25
L,Belton/Killeen,2020-04-12,663,,2020-07-25
L,Belton/Killeen,2020-04-13,633,-30,2020-07-25
L,Belton/Killeen,2020-04-14,647,14,2020-07-25
L,Belton/Killeen,2020-04-15,575,-72,2020-07-25
L,Belton/Killeen,2020-04-16,590,15,2020-07-25
L,Belton/Killeen,2020-04-17,668,78,2020-07-25
L,Belton/Killeen,2020-04-18,720,52,2020-07-25
L,Belton/Killeen,2020-04-19,532,-188,2020-07-25
L,Belton/Killeen,2020-04-20,511,-21,2020-07-25
L,Belton/Killeen,2020-04-21,635,124,2020-07-25
L,Belton/Killeen,2020-04-22,611,-24,2020-07-25
L,Belton/Killeen,2020-04-23,549,-62,2020-07-25
L,Belton/Killeen,2020-04-24,584,35,2020-07-25
L,Belton/Killeen,2020-04-25,571,-13,2020-07-25
L,Belton/Killeen,2020-04-26,489,-82,2020-07-25
L,Belton/Killeen,2020-04-27,505,16,2020-07-25
L,Belton/Killeen,2020-04-28,449,-56,2020-07-25
L,Belton/Killeen,2020-04-29,504,55,2020-07-25
L,Belton/Killeen,2020-04-30,593,89,2020-07-25
L,Belton/Killeen,2020-05-01,537,-56,2020-07-25
L,Belton/Killeen,2020-05-02,570,33,2020-07-25
L,Belton/Killeen,2020-05-03,527,-43,2020-07-25
L,Belton/Killeen,2020-05-04,492,-35,2020-07-25
L,Belton/Killeen,2020-05-05,548,56,2020-07-25
L,Belton/Killeen,2020-05-06,494,-54,2020-07-25
L,Belton/Killeen,2020-05-07,560,66,2020-07-25
L,Belton/Killeen,2020-05-08,390,-170,2020-07-25
L,Belton/Killeen,2020-05-09,518,128,2020-07-25
L,Belton/Killeen,2020-05-10,513,-5,2020-07-25
L,Belton/Killeen,2020-05-11,300,-213,2020-07-25
L,Belton/Killeen,2020-05-12,477,177,2020-07-25
L,Belton/Killeen,2020-05-13,474,-3,2020-07-25
L,Belton/Killeen,2020-05-14,373,-101,2020-07-25
L,Belton/Killeen,2020-05-15,459,86,2020-07-25
L,Belton/Killeen,2020-05-16,343,-116,2020-07-25
L,Belton/Killeen,2020-05-17,414,71,2020-07-25
L,Belton/Killeen,2020-05-18,380,-34,2020-07-25
L,Belton/Killeen,2020-05-19,380,0,2020-07-25
L,Belton/Killeen,2020-05-20,422,42,2020-07-25
L,Belton/Killeen,2020-05-21,302,-120,2020-07-25
L,Belton/Killeen,2020-05-22,427,125,2020-07-25
L,Belton/Killeen,2020-05-23,394,-33,2020-07-25
L,Belton/Killeen,2020-05-24,393,-1,2020-07-25
L,Belton/Killeen,2020-05-25,281,-112,2020-07-25
L,Belton/Killeen,2020-05-26,300,19,2020-07-25
L,Belton/Killeen,2020-05-27,292,-8,2020-07-25
L,Belton/Killeen,2020-05-28,270,-22,2020-07-25
L,Belton/Killeen,2020-05-29,367,97,2020-07-25
L,Belton/Killeen,2020-05-30,285,-82,2020-07-25
L,Belton/Killeen,2020-05-31,311,26,2020-07-25
L,Belton/Killeen,2020-06-01,337,26,2020-07-25
L,Belton/Killeen,2020-06-02,312,-25,2020-07-25
L,Belton/Killeen,2020-06-03,294,-18,2020-07-25
L,Belton/Killeen,2020-06-04,309,15,2020-07-25
L,Belton/Killeen,2020-06-05,292,-17,2020-07-25
L,Belton/Killeen,2020-06-06,266,-26,2020-07-25
L,Belton/Killeen,2020-06-07,328,62,2020-07-25
L,Belton/Killeen,2020-06-08,329,1,2020-07-25
L,Belton/Killeen,2020-06-09,262,-67,2020-07-25
L,Belton/Killeen,2020-06-10,244,-18,2020-07-25
L,Belton/Killeen,2020-06-11,246,2,2020-07-25
L,Belton/Killeen,2020-06-12,257,11,2020-07-25
L,Belton/Killeen,2020-06-13,261,4,2020-07-25
L,Belton/Killeen,2020-06-14,307,46,2020-07-25
L,Belton/Killeen,2020-06-15,308,1,2020-07-25
L,Belton/Killeen,2020-06-16,277,-31,2020-07-25
L,Belton/Killeen,2020-06-17,244,-33,2020-07-25
L,Belton/Killeen,2020-06-18,240,-4,2020-07-25
L,Belton/Killeen,2020-06-19,235,-5,2020-07-25
L,Belton/Killeen,2020-06-20,229,-6,2020-07-25
L,Belton/Killeen,2020-06-21,259,30,2020-07-25
L,Belton/Killeen,2020-06-22,245,-14,2020-07-25
L,Belton/Killeen,2020-06-23,234,-11,2020-07-25
L,Belton/Killeen,2020-06-24,212,-22,2020-07-25
L,Belton/Killeen,2020-06-25,256,44,2020-07-25
L,Belton/Killeen,2020-06-26,264,8,2020-07-25
L,Belton/Killeen,2020-06-27,229,-35,2020-07-25
L,Belton/Killeen,2020-06-28,299,70,2020-07-25
L,Belton/Killeen,2020-06-29,304,5,2020-07-25
L,Belton/Killeen,2020-06-30,247,-57,2020-07-25
L,Belton/Killeen,2020-07-01,237,-10,2020-07-25
L,Belton/Killeen,2020-07-02,245,8,2020-07-25
L,Belton/Killeen,2020-07-03,240,-5,2020-07-25
L,Belton/Killeen,2020-07-04,291,51,2020-07-25
L,Belton/Killeen,2020-07-05,309,18,2020-07-25
L,Belton/Killeen,2020-07-06,315,6,2020-07-25
L,Belton/Killeen,2020-07-07,252,-63,2020-07-25
L,Belton/Killeen,2020-07-08,231,-21,2020-07-25
L,Belton/Killeen,2020-07-09,264,33,2020-07-25
L,Belton/Killeen,2020-07-10,236,-28,2020-07-25
L,Belton/Killeen,2020-07-11,207,-29,2020-07-25
L,Belton/Killeen,2020-07-12,244,37,2020-07-25
L,Belton/Killeen,2020-07-13,264,20,2020-07-25
L,Belton/Killeen,2020-07-14,242,-22,2020-07-25
L,Belton/Killeen,2020-07-15,238,-4,2020-07-25
L,Belton/Killeen,2020-07-16,237,-1,2020-07-25
L,Belton/Killeen,2020-07-17,253,16,2020-07-25
L,Belton/Killeen,2020-07-18,246,-7,2020-07-25
L,Belton/Killeen,2020-07-19,231,-15,2020-07-25
L,Belton/Killeen,2020-07-20,267,36,2020-07-25
L,Belton/Killeen,2020-07-21,286,19,2020-07-25
L,Belton/Killeen,2020-07-22,245,-41,2020-07-25
L,Belton/Killeen,2020-07-23,203,-42,2020-07-25
L,Belton/Killeen,2020-07-24,190,-13,2020-07-25
M,Waco,2020-04-12,363,,2020-07-25
M,Waco,2020-04-13,238,-125,2020-07-25
M,Waco,2020-04-14,333,95,2020-07-25
M,Waco,2020-04-15,333,0,2020-07-25
M,Waco,2020-04-16,327,-6,2020-07-25
M,Waco,2020-04-17,289,-38,2020-07-25
M,Waco,2020-04-18,388,99,2020-07-25
M,Waco,2020-04-19,254,-134,2020-07-25
M,Waco,2020-04-20,353,99,2020-07-25
M,Waco,2020-04-21,349,-4,2020-07-25
M,Waco,2020-04-22,288,-61,2020-07-25
M,Waco,2020-04-23,325,37,2020-07-25
M,Waco,2020-04-24,319,-6,2020-07-25
M,Waco,2020-04-25,344,25,2020-07-25
M,Waco,2020-04-26,248,-96,2020-07-25
M,Waco,2020-04-27,235,-13,2020-07-25
M,Waco,2020-04-28,322,87,2020-07-25
M,Waco,2020-04-29,344,22,2020-07-25
M,Waco,2020-04-30,323,-21,2020-07-25
M,Waco,2020-05-01,335,12,2020-07-25
M,Waco,2020-05-02,332,-3,2020-07-25
M,Waco,2020-05-03,318,-14,2020-07-25
M,Waco,2020-05-04,363,45,2020-07-25
M,Waco,2020-05-05,376,13,2020-07-25
M,Waco,2020-05-06,363,-13,2020-07-25
M,Waco,2020-05-07,346,-17,2020-07-25
M,Waco,2020-05-08,322,-24,2020-07-25
M,Waco,2020-05-09,345,23,2020-07-25
M,Waco,2020-05-10,146,-199,2020-07-25
M,Waco,2020-05-11,288,142,2020-07-25
M,Waco,2020-05-12,333,45,2020-07-25
M,Waco,2020-05-13,325,-8,2020-07-25
M,Waco,2020-05-14,297,-28,2020-07-25
M,Waco,2020-05-15,310,13,2020-07-25
M,Waco,2020-05-16,341,31,2020-07-25
M,Waco,2020-05-17,287,-54,2020-07-25
M,Waco,2020-05-18,263,-24,2020-07-25
M,Waco,2020-05-19,382,119,2020-07-25
M,Waco,2020-05-20,275,-107,2020-07-25
M,Waco,2020-05-21,269,-6,2020-07-25
M,Waco,2020-05-22,270,1,2020-07-25
M,Waco,2020-05-23,252,-18,2020-07-25
M,Waco,2020-05-24,201,-51,2020-07-25
M,Waco,2020-05-25,232,31,2020-07-25
M,Waco,2020-05-26,270,38,2020-07-25
M,Waco,2020-05-27,327,57,2020-07-25
M,Waco,2020-05-28,217,-110,2020-07-25
M,Waco,2020-05-29,257,40,2020-07-25
M,Waco,2020-05-30,247,-10,2020-07-25
M,Waco,2020-05-31,289,42,2020-07-25
M,Waco,2020-06-01,300,11,2020-07-25
M,Waco,2020-06-02,267,-33,2020-07-25
M,Waco,2020-06-03,244,-23,2020-07-25
M,Waco,2020-06-04,252,8,2020-07-25
M,Waco,2020-06-05,290,38,2020-07-25
M,Waco,2020-06-06,257,-33,2020-07-25
M,Waco,2020-06-07,269,12,2020-07-25
M,Waco,2020-06-08,206,-63,2020-07-25
M,Waco,2020-06-09,246,40,2020-07-25
M,Waco,2020-06-10,223,-23,2020-07-25
M,Waco,2020-06-11,196,-27,2020-07-25
M,Waco,2020-06-12,257,61,2020-07-25
M,Waco,2020-06-13,261,4,2020-07-25
M,Waco,2020-06-14,257,-4,2020-07-25
M,Waco,2020-06-15,213,-44,2020-07-25
M,Waco,2020-06-16,247,34,2020-07-25
M,Waco,2020-06-17,209,-38,2020-07-25
M,Waco,2020-06-18,190,-19,2020-07-25
M,Waco,2020-06-19,183,-7,2020-07-25
M,Waco,2020-06-20,177,-6,2020-07-25
M,Waco,2020-06-21,211,34,2020-07-25
M,Waco,2020-06-22,241,30,2020-07-25
M,Waco,2020-06-23,196,-45,2020-07-25
M,Waco,2020-06-24,196,0,2020-07-25
M,Waco,2020-06-25,186,-10,2020-07-25
M,Waco,2020-06-26,186,0,2020-07-25
M,Waco,2020-06-27,181,-5,2020-07-25
M,Waco,2020-06-28,221,40,2020-07-25
M,Waco,2020-06-29,219,-2,2020-07-25
M,Waco,2020-06-30,221,2,2020-07-25
M,Waco,2020-07-01,186,-35,2020-07-25
M,Waco,2020-07-02,171,-15,2020-07-25
M,Waco,2020-07-03,185,14,2020-07-25
M,Waco,2020-07-04,204,19,2020-07-25
M,Waco,2020-07-05,205,1,2020-07-25
M,Waco,2020-07-06,205,0,2020-07-25
M,Waco,2020-07-07,193,-12,2020-07-25
M,Waco,2020-07-08,205,12,2020-07-25
M,Waco,2020-07-09,195,-10,2020-07-25
M,Waco,2020-07-10,191,-4,2020-07-25
M,Waco,2020-07-11,194,3,2020-07-25
M,Waco,2020-07-12,211,17,2020-07-25
M,Waco,2020-07-13,229,18,2020-07-25
M,Waco,2020-07-14,240,11,2020-07-25
M,Waco,2020-07-15,207,-33,2020-07-25
M,Waco,2020-07-16,181,-26,2020-07-25
M,Waco,2020-07-17,183,2,2020-07-25
M,Waco,2020-07-18,158,-25,2020-07-25
M,Waco,2020-07-19,157,-1,2020-07-25
M,Waco,2020-07-20,197,40,2020-07-25
M,Waco,2020-07-21,164,-33,2020-07-25
M,Waco,2020-07-22,203,39,2020-07-25
M,Waco,2020-07-23,107,-96,2020-07-25
M,Waco,2020-07-24,182,75,2020-07-25
N,Bryan/College Station,2020-04-12,278,,2020-07-25
N,Bryan/College Station,2020-04-13,274,-4,2020-07-25
N,Bryan/College Station,2020-04-14,293,19,2020-07-25
N,Bryan/College Station,2020-04-15,304,11,2020-07-25
N,Bryan/College Station,2020-04-16,287,-17,2020-07-25
N,Bryan/College Station,2020-04-17,296,9,2020-07-25
N,Bryan/College Station,2020-04-18,281,-15,2020-07-25
N,Bryan/College Station,2020-04-19,276,-5,2020-07-25
N,Bryan/College Station,2020-04-20,260,-16,2020-07-25
N,Bryan/College Station,2020-04-21,272,12,2020-07-25
N,Bryan/College Station,2020-04-22,260,-12,2020-07-25
N,Bryan/College Station,2020-04-23,250,-10,2020-07-25
N,Bryan/College Station,2020-04-24,271,21,2020-07-25
N,Bryan/College Station,2020-04-25,291,20,2020-07-25
N,Bryan/College Station,2020-04-26,281,-10,2020-07-25
N,Bryan/College Station,2020-04-27,273,-8,2020-07-25
N,Bryan/College Station,2020-04-28,295,22,2020-07-25
N,Bryan/College Station,2020-04-29,285,-10,2020-07-25
N,Bryan/College Station,2020-04-30,278,-7,2020-07-25
N,Bryan/College Station,2020-05-01,265,-13,2020-07-25
N,Bryan/College Station,2020-05-02,322,57,2020-07-25
N,Bryan/College Station,2020-05-03,290,-32,2020-07-25
N,Bryan/College Station,2020-05-04,305,15,2020-07-25
N,Bryan/College Station,2020-05-05,280,-25,2020-07-25
N,Bryan/College Station,2020-05-06,236,-44,2020-07-25
N,Bryan/College Station,2020-05-07,232,-4,2020-07-25
N,Bryan/College Station,2020-05-08,248,16,2020-07-25
N,Bryan/College Station,2020-05-09,267,19,2020-07-25
N,Bryan/College Station,2020-05-10,289,22,2020-07-25
N,Bryan/College Station,2020-05-11,261,-28,2020-07-25
N,Bryan/College Station,2020-05-12,264,3,2020-07-25
N,Bryan/College Station,2020-05-13,209,-55,2020-07-25
N,Bryan/College Station,2020-05-14,192,-17,2020-07-25
N,Bryan/College Station,2020-05-15,229,37,2020-07-25
N,Bryan/College Station,2020-05-16,202,-27,2020-07-25
N,Bryan/College Station,2020-05-17,210,8,2020-07-25
N,Bryan/College Station,2020-05-18,253,43,2020-07-25
N,Bryan/College Station,2020-05-19,242,-11,2020-07-25
N,Bryan/College Station,2020-05-20,222,-20,2020-07-25
N,Bryan/College Station,2020-05-21,195,-27,2020-07-25
N,Bryan/College Station,2020-05-22,216,21,2020-07-25
N,Bryan/College Station,2020-05-23,226,10,2020-07-25
N,Bryan/College Station,2020-05-24,245,19,2020-07-25
N,Bryan/College Station,2020-05-25,256,11,2020-07-25
N,Bryan/College Station,2020-05-26,251,-5,2020-07-25
N,Bryan/College Station,2020-05-27,231,-20,2020-07-25
N,Bryan/College Station,2020-05-28,229,-2,2020-07-25
N,Bryan/College Station,2020-05-29,214,-15,2020-07-25
N,Bryan/College Station,2020-05-30,218,4,2020-07-25
N,Bryan/College Station,2020-05-31,222,4,2020-07-25
N,Bryan/College Station,2020-06-01,241,19,2020-07-25
N,Bryan/College Station,2020-06-02,223,-18,2020-07-25
N,Bryan/College Station,2020-06-03,209,-14,2020-07-25
N,Bryan/College Station,2020-06-04,192,-17,2020-07-25
N,Bryan/College Station,2020-06-05,206,14,2020-07-25
N,Bryan/College Station,2020-06-06,200,-6,2020-07-25
N,Bryan/College Station,2020-06-07,203,3,2020-07-25
N,Bryan/College Station,2020-06-08,239,36,2020-07-25
N,Bryan/College Station,2020-06-09,258,19,2020-07-25
N,Bryan/College Station,2020-06-10,221,-37,2020-07-25
N,Bryan/College Station,2020-06-11,205,-16,2020-07-25
N,Bryan/College Station,2020-06-12,212,7,2020-07-25
N,Bryan/College Station,2020-06-13,209,-3,2020-07-25
N,Bryan/College Station,2020-06-14,240,31,2020-07-25
N,Bryan/College Station,2020-06-15,218,-22,2020-07-25
N,Bryan/College Station,2020-06-16,186,-32,2020-07-25
N,Bryan/College Station,2020-06-17,140,-46,2020-07-25
N,Bryan/College Station,2020-06-18,110,-30,2020-07-25
N,Bryan/College Station,2020-06-19,119,9,2020-07-25
N,Bryan/College Station,2020-06-20,140,21,2020-07-25
N,Bryan/College Station,2020-06-21,183,43,2020-07-25
N,Bryan/College Station,2020-06-22,187,4,2020-07-25
N,Bryan/College Station,2020-06-23,173,-14,2020-07-25
N,Bryan/College Station,2020-06-24,136,-37,2020-07-25
N,Bryan/College Station,2020-06-25,147,11,2020-07-25
N,Bryan/College Station,2020-06-26,167,20,2020-07-25
N,Bryan/College Station,2020-06-27,164,-3,2020-07-25
N,Bryan/College Station,2020-06-28,177,13,2020-07-25
N,Bryan/College Station,2020-06-29,188,11,2020-07-25
N,Bryan/College Station,2020-06-30,181,-7,2020-07-25
N,Bryan/College Station,2020-07-01,144,-37,2020-07-25
N,Bryan/College Station,2020-07-02,153,9,2020-07-25
N,Bryan/College Station,2020-07-03,154,1,2020-07-25
N,Bryan/College Station,2020-07-04,155,1,2020-07-25
N,Bryan/College Station,2020-07-05,177,22,2020-07-25
N,Bryan/College Station,2020-07-06,193,16,2020-07-25
N,Bryan/College Station,2020-07-07,202,9,2020-07-25
N,Bryan/College Station,2020-07-08,181,-21,2020-07-25
N,Bryan/College Station,2020-07-09,156,-25,2020-07-25
N,Bryan/College Station,2020-07-10,166,10,2020-07-25
N,Bryan/College Station,2020-07-11,154,-12,2020-07-25
N,Bryan/College Station,2020-07-12,172,18,2020-07-25
N,Bryan/College Station,2020-07-13,192,20,2020-07-25
N,Bryan/College Station,2020-07-14,160,-32,2020-07-25
N,Bryan/College Station,2020-07-15,128,-32,2020-07-25
N,Bryan/College Station,2020-07-16,125,-3,2020-07-25
N,Bryan/College Station,2020-07-17,145,20,2020-07-25
N,Bryan/College Station,2020-07-18,131,-14,2020-07-25
N,Bryan/College Station,2020-07-19,160,29,2020-07-25
N,Bryan/College Station,2020-07-20,178,18,2020-07-25
N,Bryan/College Station,2020-07-21,169,-9,2020-07-25
N,Bryan/College Station,2020-07-22,146,-23,2020-07-25
N,Bryan/College Station,2020-07-23,154,8,2020-07-25
N,Bryan/College Station,2020-07-24,162,8,2020-07-25
O,Austin,2020-04-12,1408,,2020-07-25
O,Austin,2020-04-13,1227,-181,2020-07-25
O,Austin,2020-04-14,1427,200,2020-07-25
O,Austin,2020-04-15,1257,-170,2020-07-25
O,Austin,2020-04-16,1379,122,2020-07-25
O,Austin,2020-04-17,1271,-108,2020-07-25
O,Austin,2020-04-18,1369,98,2020-07-25
O,Austin,2020-04-19,1200,-169,2020-07-25
O,Austin,2020-04-20,1188,-12,2020-07-25
O,Austin,2020-04-21,1511,323,2020-07-25
O,Austin,2020-04-22,1150,-361,2020-07-25
O,Austin,2020-04-23,1086,-64,2020-07-25
O,Austin,2020-04-24,1263,177,2020-07-25
O,Austin,2020-04-25,1459,196,2020-07-25
O,Austin,2020-04-26,1368,-91,2020-07-25
O,Austin,2020-04-27,1125,-243,2020-07-25
O,Austin,2020-04-28,1189,64,2020-07-25
O,Austin,2020-04-29,1285,96,2020-07-25
O,Austin,2020-04-30,1259,-26,2020-07-25
O,Austin,2020-05-01,1177,-82,2020-07-25
O,Austin,2020-05-02,1150,-27,2020-07-25
O,Austin,2020-05-03,1063,-87,2020-07-25
O,Austin,2020-05-04,1128,65,2020-07-25
O,Austin,2020-05-05,1282,154,2020-07-25
O,Austin,2020-05-06,1027,-255,2020-07-25
O,Austin,2020-05-07,1069,42,2020-07-25
O,Austin,2020-05-08,1096,27,2020-07-25
O,Austin,2020-05-09,1049,-47,2020-07-25
O,Austin,2020-05-10,946,-103,2020-07-25
O,Austin,2020-05-11,1069,123,2020-07-25
O,Austin,2020-05-12,1084,15,2020-07-25
O,Austin,2020-05-13,962,-122,2020-07-25
O,Austin,2020-05-14,1076,114,2020-07-25
O,Austin,2020-05-15,961,-115,2020-07-25
O,Austin,2020-05-16,895,-66,2020-07-25
O,Austin,2020-05-17,960,65,2020-07-25
O,Austin,2020-05-18,872,-88,2020-07-25
O,Austin,2020-05-19,1071,199,2020-07-25
O,Austin,2020-05-20,939,-132,2020-07-25
O,Austin,2020-05-21,1012,73,2020-07-25
O,Austin,2020-05-22,906,-106,2020-07-25
O,Austin,2020-05-23,880,-26,2020-07-25
O,Austin,2020-05-24,908,28,2020-07-25
O,Austin,2020-05-25,1114,206,2020-07-25
O,Austin,2020-05-26,1254,140,2020-07-25
O,Austin,2020-05-27,1125,-129,2020-07-25
O,Austin,2020-05-28,944,-181,2020-07-25
O,Austin,2020-05-29,886,-58,2020-07-25
O,Austin,2020-05-30,867,-19,2020-07-25
O,Austin,2020-05-31,986,119,2020-07-25
O,Austin,2020-06-01,965,-21,2020-07-25
O,Austin,2020-06-02,1016,51,2020-07-25
O,Austin,2020-06-03,914,-102,2020-07-25
O,Austin,2020-06-04,838,-76,2020-07-25
O,Austin,2020-06-05,820,-18,2020-07-25
O,Austin,2020-06-06,835,15,2020-07-25
O,Austin,2020-06-07,1029,194,2020-07-25
O,Austin,2020-06-08,876,-153,2020-07-25
O,Austin,2020-06-09,928,52,2020-07-25
O,Austin,2020-06-10,760,-168,2020-07-25
O,Austin,2020-06-11,734,-26,2020-07-25
O,Austin,2020-06-12,806,72,2020-07-25
O,Austin,2020-06-13,745,-61,2020-07-25
O,Austin,2020-06-14,842,97,2020-07-25
O,Austin,2020-06-15,859,17,2020-07-25
O,Austin,2020-06-16,910,51,2020-07-25
O,Austin,2020-06-17,838,-72,2020-07-25
O,Austin,2020-06-18,786,-52,2020-07-25
O,Austin,2020-06-19,767,-19,2020-07-25
O,Austin,2020-06-20,780,13,2020-07-25
O,Austin,2020-06-21,786,6,2020-07-25
O,Austin,2020-06-22,742,-44,2020-07-25
O,Austin,2020-06-23,825,83,2020-07-25
O,Austin,2020-06-24,705,-120,2020-07-25
O,Austin,2020-06-25,662,-43,2020-07-25
O,Austin,2020-06-26,723,61,2020-07-25
O,Austin,2020-06-27,805,82,2020-07-25
O,Austin,2020-06-28,795,-10,2020-07-25
O,Austin,2020-06-29,848,53,2020-07-25
O,Austin,2020-06-30,782,-66,2020-07-25
O,Austin,2020-07-01,768,-14,2020-07-25
O,Austin,2020-07-02,646,-122,2020-07-25
O,Austin,2020-07-03,791,145,2020-07-25
O,Austin,2020-07-04,753,-38,2020-07-25
O,Austin,2020-07-05,810,57,2020-07-25
O,Austin,2020-07-06,813,3,2020-07-25
O,Austin,2020-07-07,769,-44,2020-07-25
O,Austin,2020-07-08,693,-76,2020-07-25
O,Austin,2020-07-09,672,-21,2020-07-25
O,Austin,2020-07-10,651,-21,2020-07-25
O,Austin,2020-07-11,638,-13,2020-07-25
O,Austin,2020-07-12,684,46,2020-07-25
O,Austin,2020-07-13,717,33,2020-07-25
O,Austin,2020-07-14,655,-62,2020-07-25
O,Austin,2020-07-15,609,-46,2020-07-25
O,Austin,2020-07-16,678,69,2020-07-25
O,Austin,2020-07-17,626,-52,2020-07-25
O,Austin,2020-07-18,583,-43,2020-07-25
O,Austin,2020-07-19,540,-43,2020-07-25
O,Austin,2020-07-20,573,33,2020-07-25
O,Austin,2020-07-21,627,54,2020-07-25
O,Austin,2020-07-22,468,-159,2020-07-25
O,Austin,2020-07-23,531,63,2020-07-25
O,Austin,2020-07-24,540,9,2020-07-25
P,San Antonio,2020-04-12,2488,,2020-07-25
P,San Antonio,2020-04-13,2596,108,2020-07-25
P,San Antonio,2020-04-14,2493,-103,2020-07-25
P,San Antonio,2020-04-15,2425,-68,2020-07-25
P,San Antonio,2020-04-16,2537,112,2020-07-25
P,San Antonio,2020-04-17,2032,-505,2020-07-25
P,San Antonio,2020-04-18,2159,127,2020-07-25
P,San Antonio,2020-04-19,2260,101,2020-07-25
P,San Antonio,2020-04-20,2214,-46,2020-07-25
P,San Antonio,2020-04-21,2350,136,2020-07-25
P,San Antonio,2020-04-22,2570,220,2020-07-25
P,San Antonio,2020-04-23,2254,-316,2020-07-25
P,San Antonio,2020-04-24,2061,-193,2020-07-25
P,San Antonio,2020-04-25,2277,216,2020-07-25
P,San Antonio,2020-04-26,2283,6,2020-07-25
P,San Antonio,2020-04-27,2222,-61,2020-07-25
P,San Antonio,2020-04-28,2210,-12,2020-07-25
P,San Antonio,2020-04-29,2107,-103,2020-07-25
P,San Antonio,2020-04-30,1999,-108,2020-07-25
P,San Antonio,2020-05-01,1995,-4,2020-07-25
P,San Antonio,2020-05-02,2008,13,2020-07-25
P,San Antonio,2020-05-03,2117,109,2020-07-25
P,San Antonio,2020-05-04,2209,92,2020-07-25
P,San Antonio,2020-05-05,2064,-145,2020-07-25
P,San Antonio,2020-05-06,1941,-123,2020-07-25
P,San Antonio,2020-05-07,1904,-37,2020-07-25
P,San Antonio,2020-05-08,1938,34,2020-07-25
P,San Antonio,2020-05-09,2096,158,2020-07-25
P,San Antonio,2020-05-10,2008,-88,2020-07-25
P,San Antonio,2020-05-11,2104,96,2020-07-25
P,San Antonio,2020-05-12,2187,83,2020-07-25
P,San Antonio,2020-05-13,1907,-280,2020-07-25
P,San Antonio,2020-05-14,1869,-38,2020-07-25
P,San Antonio,2020-05-15,1907,38,2020-07-25
P,San Antonio,2020-05-16,1889,-18,2020-07-25
P,San Antonio,2020-05-17,1898,9,2020-07-25
P,San Antonio,2020-05-18,1648,-250,2020-07-25
P,San Antonio,2020-05-19,2048,400,2020-07-25
P,San Antonio,2020-05-20,1757,-291,2020-07-25
P,San Antonio,2020-05-21,1706,-51,2020-07-25
P,San Antonio,2020-05-22,1670,-36,2020-07-25
P,San Antonio,2020-05-23,1545,-125,2020-07-25
P,San Antonio,2020-05-24,1849,304,2020-07-25
P,San Antonio,2020-05-25,1854,5,2020-07-25
P,San Antonio,2020-05-26,1837,-17,2020-07-25
P,San Antonio,2020-05-27,1810,-27,2020-07-25
P,San Antonio,2020-05-28,1865,55,2020-07-25
P,San Antonio,2020-05-29,1771,-94,2020-07-25
P,San Antonio,2020-05-30,1672,-99,2020-07-25
P,San Antonio,2020-05-31,1711,39,2020-07-25
P,San Antonio,2020-06-01,1768,57,2020-07-25
P,San Antonio,2020-06-02,1907,139,2020-07-25
P,San Antonio,2020-06-03,1614,-293,2020-07-25
P,San Antonio,2020-06-04,1764,150,2020-07-25
P,San Antonio,2020-06-05,1704,-60,2020-07-25
P,San Antonio,2020-06-06,1649,-55,2020-07-25
P,San Antonio,2020-06-07,1748,99,2020-07-25
P,San Antonio,2020-06-08,1756,8,2020-07-25
P,San Antonio,2020-06-09,1810,54,2020-07-25
P,San Antonio,2020-06-10,1540,-270,2020-07-25
P,San Antonio,2020-06-11,1495,-45,2020-07-25
P,San Antonio,2020-06-12,1572,77,2020-07-25
P,San Antonio,2020-06-13,1614,42,2020-07-25
P,San Antonio,2020-06-14,1548,-66,2020-07-25
P,San Antonio,2020-06-15,1525,-23,2020-07-25
P,San Antonio,2020-06-16,1534,9,2020-07-25
P,San Antonio,2020-06-17,1448,-86,2020-07-25
P,San Antonio,2020-06-18,1467,19,2020-07-25
P,San Antonio,2020-06-19,1458,-9,2020-07-25
P,San Antonio,2020-06-20,1493,35,2020-07-25
P,San Antonio,2020-06-21,1571,78,2020-07-25
P,San Antonio,2020-06-22,1728,157,2020-07-25
P,San Antonio,2020-06-23,1387,-341,2020-07-25
P,San Antonio,2020-06-24,1197,-190,2020-07-25
P,San Antonio,2020-06-25,1190,-7,2020-07-25
P,San Antonio,2020-06-26,1106,-84,2020-07-25
P,San Antonio,2020-06-27,1132,26,2020-07-25
P,San Antonio,2020-06-28,1066,-66,2020-07-25
P,San Antonio,2020-06-29,1271,205,2020-07-25
P,San Antonio,2020-06-30,1229,-42,2020-07-25
P,San Antonio,2020-07-01,1066,-163,2020-07-25
P,San Antonio,2020-07-02,1297,231,2020-07-25
P,San Antonio,2020-07-03,927,-370,2020-07-25
P,San Antonio,2020-07-04,1008,81,2020-07-25
P,San Antonio,2020-07-05,1025,17,2020-07-25
P,San Antonio,2020-07-06,830,-195,2020-07-25
P,San Antonio,2020-07-07,867,37,2020-07-25
P,San Antonio,2020-07-08,720,-147,2020-07-25
P,San Antonio,2020-07-09,729,9,2020-07-25
P,San Antonio,2020-07-10,733,4,2020-07-25
P,San Antonio,2020-07-11,647,-86,2020-07-25
P,San Antonio,2020-07-12,657,10,2020-07-25
P,San Antonio,2020-07-13,626,-31,2020-07-25
P,San Antonio,2020-07-14,617,-9,2020-07-25
P,San Antonio,2020-07-15,612,-5,2020-07-25
P,San Antonio,2020-07-16,667,55,2020-07-25
P,San Antonio,2020-07-17,676,9,2020-07-25
P,San Antonio,2020-07-18,702,26,2020-07-25
P,San Antonio,2020-07-19,691,-11,2020-07-25
P,San Antonio,2020-07-20,643,-48,2020-07-25
P,San Antonio,2020-07-21,708,65,2020-07-25
P,San Antonio,2020-07-22,638,-70,2020-07-25
P,San Antonio,2020-07-23,386,-252,2020-07-25
P,San Antonio,2020-07-24,713,327,2020-07-25
Q,Houston,2020-04-12,4062,,2020-07-25
Q,Houston,2020-04-13,3562,-500,2020-07-25
Q,Houston,2020-04-14,3531,-31,2020-07-25
Q,Houston,2020-04-15,3504,-27,2020-07-25
Q,Houston,2020-04-16,3795,291,2020-07-25
Q,Houston,2020-04-17,3938,143,2020-07-25
Q,Houston,2020-04-18,4155,217,2020-07-25
Q,Houston,2020-04-19,3816,-339,2020-07-25
Q,Houston,2020-04-20,3857,41,2020-07-25
Q,Houston,2020-04-21,4028,171,2020-07-25
Q,Houston,2020-04-22,3462,-566,2020-07-25
Q,Houston,2020-04-23,3502,40,2020-07-25
Q,Houston,2020-04-24,4400,898,2020-07-25
Q,Houston,2020-04-25,3722,-678,2020-07-25
Q,Houston,2020-04-26,3724,2,2020-07-25
Q,Houston,2020-04-27,3692,-32,2020-07-25
Q,Houston,2020-04-28,4118,426,2020-07-25
Q,Houston,2020-04-29,3640,-478,2020-07-25
Q,Houston,2020-04-30,3468,-172,2020-07-25
Q,Houston,2020-05-01,3814,346,2020-07-25
Q,Houston,2020-05-02,3838,24,2020-07-25
Q,Houston,2020-05-03,3828,-10,2020-07-25
Q,Houston,2020-05-04,3791,-37,2020-07-25
Q,Houston,2020-05-05,3867,76,2020-07-25
Q,Houston,2020-05-06,3458,-409,2020-07-25
Q,Houston,2020-05-07,3361,-97,2020-07-25
Q,Houston,2020-05-08,3140,-221,2020-07-25
Q,Houston,2020-05-09,3551,411,2020-07-25
Q,Houston,2020-05-10,3325,-226,2020-07-25
Q,Houston,2020-05-11,3516,191,2020-07-25
Q,Houston,2020-05-12,3973,457,2020-07-25
Q,Houston,2020-05-13,3308,-665,2020-07-25
Q,Houston,2020-05-14,3323,15,2020-07-25
Q,Houston,2020-05-15,3213,-110,2020-07-25
Q,Houston,2020-05-16,3339,126,2020-07-25
Q,Houston,2020-05-17,3170,-169,2020-07-25
Q,Houston,2020-05-18,3291,121,2020-07-25
Q,Houston,2020-05-19,3189,-102,2020-07-25
Q,Houston,2020-05-20,3126,-63,2020-07-25
Q,Houston,2020-05-21,2907,-219,2020-07-25
Q,Houston,2020-05-22,2810,-97,2020-07-25
Q,Houston,2020-05-23,2705,-105,2020-07-25
Q,Houston,2020-05-24,2883,178,2020-07-25
Q,Houston,2020-05-25,3249,366,2020-07-25
Q,Houston,2020-05-26,3344,95,2020-07-25
Q,Houston,2020-05-27,3011,-333,2020-07-25
Q,Houston,2020-05-28,2636,-375,2020-07-25
Q,Houston,2020-05-29,2731,95,2020-07-25
Q,Houston,2020-05-30,2890,159,2020-07-25
Q,Houston,2020-05-31,2659,-231,2020-07-25
Q,Houston,2020-06-01,2605,-54,2020-07-25
Q,Houston,2020-06-02,2631,26,2020-07-25
Q,Houston,2020-06-03,2300,-331,2020-07-25
Q,Houston,2020-06-04,2343,43,2020-07-25
Q,Houston,2020-06-05,2302,-41,2020-07-25
Q,Houston,2020-06-06,2728,426,2020-07-25
Q,Houston,2020-06-07,2845,117,2020-07-25
Q,Houston,2020-06-08,2679,-166,2020-07-25
Q,Houston,2020-06-09,2573,-106,2020-07-25
Q,Houston,2020-06-10,2065,-508,2020-07-25
Q,Houston,2020-06-11,1991,-74,2020-07-25
Q,Houston,2020-06-12,2335,344,2020-07-25
Q,Houston,2020-06-13,2120,-215,2020-07-25
Q,Houston,2020-06-14,2455,335,2020-07-25
Q,Houston,2020-06-15,2492,37,2020-07-25
Q,Houston,2020-06-16,2675,183,2020-07-25
Q,Houston,2020-06-17,2185,-490,2020-07-25
Q,Houston,2020-06-18,1944,-241,2020-07-25
Q,Houston,2020-06-19,2052,108,2020-07-25
Q,Houston,2020-06-20,2285,233,2020-07-25
Q,Houston,2020-06-21,2282,-3,2020-07-25
Q,Houston,2020-06-22,2456,174,2020-07-25
Q,Houston,2020-06-23,2222,-234,2020-07-25
Q,Houston,2020-06-24,2020,-202,2020-07-25
Q,Houston,2020-06-25,2070,50,2020-07-25
Q,Houston,2020-06-26,1940,-130,2020-07-25
Q,Houston,2020-06-27,2134,194,2020-07-25
Q,Houston,2020-06-28,1919,-215,2020-07-25
Q,Houston,2020-06-29,2348,429,2020-07-25
Q,Houston,2020-06-30,2449,101,2020-07-25
Q,Houston,2020-07-01,2049,-400,2020-07-25
Q,Houston,2020-07-02,1776,-273,2020-07-25
Q,Houston,2020-07-03,2067,291,2020-07-25
Q,Houston,2020-07-04,2388,321,2020-07-25
Q,Houston,2020-07-05,2473,85,2020-07-25
Q,Houston,2020-07-06,2429,-44,2020-07-25
Q,Houston,2020-07-07,2121,-308,2020-07-25
Q,Houston,2020-07-08,1868,-253,2020-07-25
Q,Houston,2020-07-09,1838,-30,2020-07-25
Q,Houston,2020-07-10,1768,-70,2020-07-25
Q,Houston,2020-07-11,1810,42,2020-07-25
Q,Houston,2020-07-12,1842,32,2020-07-25
Q,Houston,2020-07-13,2166,324,2020-07-25
Q,Houston,2020-07-14,1860,-306,2020-07-25
Q,Houston,2020-07-15,1561,-299,2020-07-25
Q,Houston,2020-07-16,1539,-22,2020-07-25
Q,Houston,2020-07-17,1488,-51,2020-07-25
Q,Houston,2020-07-18,1730,242,2020-07-25
Q,Houston,2020-07-19,1794,64,2020-07-25
Q,Houston,2020-07-20,1561,-233,2020-07-25
Q,Houston,2020-07-21,1746,185,2020-07-25
Q,Houston,2020-07-22,1519,-227,2020-07-25
Q,Houston,2020-07-23,2706,1187,2020-07-25
Q,Houston,2020-07-24,1110,-1596,2020-07-25
R,Galveston,2020-04-12,572,,2020-07-25
R,Galveston,2020-04-13,558,-14,2020-07-25
R,Galveston,2020-04-14,621,63,2020-07-25
R,Galveston,2020-04-15,645,24,2020-07-25
R,Galveston,2020-04-16,575,-70,2020-07-25
R,Galveston,2020-04-17,605,30,2020-07-25
R,Galveston,2020-04-18,644,39,2020-07-25
R,Galveston,2020-04-19,667,23,2020-07-25
R,Galveston,2020-04-20,595,-72,2020-07-25
R,Galveston,2020-04-21,541,-54,2020-07-25
R,Galveston,2020-04-22,622,81,2020-07-25
R,Galveston,2020-04-23,682,60,2020-07-25
R,Galveston,2020-04-24,633,-49,2020-07-25
R,Galveston,2020-04-25,695,62,2020-07-25
R,Galveston,2020-04-26,731,36,2020-07-25
R,Galveston,2020-04-27,601,-130,2020-07-25
R,Galveston,2020-04-28,577,-24,2020-07-25
R,Galveston,2020-04-29,577,0,2020-07-25
R,Galveston,2020-04-30,553,-24,2020-07-25
R,Galveston,2020-05-01,667,114,2020-07-25
R,Galveston,2020-05-02,676,9,2020-07-25
R,Galveston,2020-05-03,706,30,2020-07-25
R,Galveston,2020-05-04,624,-82,2020-07-25
R,Galveston,2020-05-05,472,-152,2020-07-25
R,Galveston,2020-05-06,540,68,2020-07-25
R,Galveston,2020-05-07,671,131,2020-07-25
R,Galveston,2020-05-08,654,-17,2020-07-25
R,Galveston,2020-05-09,675,21,2020-07-25
R,Galveston,2020-05-10,638,-37,2020-07-25
R,Galveston,2020-05-11,606,-32,2020-07-25
R,Galveston,2020-05-12,585,-21,2020-07-25
R,Galveston,2020-05-13,684,99,2020-07-25
R,Galveston,2020-05-14,652,-32,2020-07-25
R,Galveston,2020-05-15,550,-102,2020-07-25
R,Galveston,2020-05-16,546,-4,2020-07-25
R,Galveston,2020-05-17,499,-47,2020-07-25
R,Galveston,2020-05-18,385,-114,2020-07-25
R,Galveston,2020-05-19,535,150,2020-07-25
R,Galveston,2020-05-20,567,32,2020-07-25
R,Galveston,2020-05-21,509,-58,2020-07-25
R,Galveston,2020-05-22,656,147,2020-07-25
R,Galveston,2020-05-23,577,-79,2020-07-25
R,Galveston,2020-05-24,570,-7,2020-07-25
R,Galveston,2020-05-25,570,0,2020-07-25
R,Galveston,2020-05-26,562,-8,2020-07-25
R,Galveston,2020-05-27,527,-35,2020-07-25
R,Galveston,2020-05-28,402,-125,2020-07-25
R,Galveston,2020-05-29,390,-12,2020-07-25
R,Galveston,2020-05-30,386,-4,2020-07-25
R,Galveston,2020-05-31,417,31,2020-07-25
R,Galveston,2020-06-01,457,40,2020-07-25
R,Galveston,2020-06-02,459,2,2020-07-25
R,Galveston,2020-06-03,438,-21,2020-07-25
R,Galveston,2020-06-04,408,-30,2020-07-25
R,Galveston,2020-06-05,387,-21,2020-07-25
R,Galveston,2020-06-06,416,29,2020-07-25
R,Galveston,2020-06-07,455,39,2020-07-25
R,Galveston,2020-06-08,421,-34,2020-07-25
R,Galveston,2020-06-09,471,50,2020-07-25
R,Galveston,2020-06-10,344,-127,2020-07-25
R,Galveston,2020-06-11,426,82,2020-07-25
R,Galveston,2020-06-12,420,-6,2020-07-25
R,Galveston,2020-06-13,380,-40,2020-07-25
R,Galveston,2020-06-14,394,14,2020-07-25
R,Galveston,2020-06-15,460,66,2020-07-25
R,Galveston,2020-06-16,460,0,2020-07-25
R,Galveston,2020-06-17,403,-57,2020-07-25
R,Galveston,2020-06-18,383,-20,2020-07-25
R,Galveston,2020-06-19,379,-4,2020-07-25
R,Galveston,2020-06-20,427,48,2020-07-25
R,Galveston,2020-06-21,476,49,2020-07-25
R,Galveston,2020-06-22,482,6,2020-07-25
R,Galveston,2020-06-23,456,-26,2020-07-25
R,Galveston,2020-06-24,353,-103,2020-07-25
R,Galveston,2020-06-25,320,-33,2020-07-25
R,Galveston,2020-06-26,357,37,2020-07-25
R,Galveston,2020-06-27,404,47,2020-07-25
R,Galveston,2020-06-28,324,-80,2020-07-25
R,Galveston,2020-06-29,402,78,2020-07-25
R,Galveston,2020-06-30,346,-56,2020-07-25
R,Galveston,2020-07-01,313,-33,2020-07-25
R,Galveston,2020-07-02,375,62,2020-07-25
R,Galveston,2020-07-03,430,55,2020-07-25
R,Galveston,2020-07-04,304,-126,2020-07-25
R,Galveston,2020-07-05,311,7,2020-07-25
R,Galveston,2020-07-06,299,-12,2020-07-25
R,Galveston,2020-07-07,351,52,2020-07-25
R,Galveston,2020-07-08,355,4,2020-07-25
R,Galveston,2020-07-09,257,-98,2020-07-25
R,Galveston,2020-07-10,262,5,2020-07-25
R,Galveston,2020-07-11,251,-11,2020-07-25
R,Galveston,2020-07-12,302,51,2020-07-25
R,Galveston,2020-07-13,265,-37,2020-07-25
R,Galveston,2020-07-14,150,-115,2020-07-25
R,Galveston,2020-07-15,150,0,2020-07-25
R,Galveston,2020-07-16,153,3,2020-07-25
R,Galveston,2020-07-17,164,11,2020-07-25
R,Galveston,2020-07-18,137,-27,2020-07-25
R,Galveston,2020-07-19,174,37,2020-07-25
R,Galveston,2020-07-20,186,12,2020-07-25
R,Galveston,2020-07-21,181,-5,2020-07-25
R,Galveston,2020-07-22,125,-56,2020-07-25
R,Galveston,2020-07-23,356,231,2020-07-25
R,Galveston,2020-07-24,187,-169,2020-07-25
S,Victoria,2020-04-12,277,,2020-07-25
S,Victoria,2020-04-13,278,1,2020-07-25
S,Victoria,2020-04-14,290,12,2020-07-25
S,Victoria,2020-04-15,284,-6,2020-07-25
S,Victoria,2020-04-16,290,6,2020-07-25
S,Victoria,2020-04-17,293,3,2020-07-25
S,Victoria,2020-04-18,292,-1,2020-07-25
S,Victoria,2020-04-19,294,2,2020-07-25
S,Victoria,2020-04-20,299,5,2020-07-25
S,Victoria,2020-04-21,335,36,2020-07-25
S,Victoria,2020-04-22,287,-48,2020-07-25
S,Victoria,2020-04-23,275,-12,2020-07-25
S,Victoria,2020-04-24,271,-4,2020-07-25
S,Victoria,2020-04-25,290,19,2020-07-25
S,Victoria,2020-04-26,296,6,2020-07-25
S,Victoria,2020-04-27,276,-20,2020-07-25
S,Victoria,2020-04-28,240,-36,2020-07-25
S,Victoria,2020-04-29,292,52,2020-07-25
S,Victoria,2020-04-30,289,-3,2020-07-25
S,Victoria,2020-05-01,271,-18,2020-07-25
S,Victoria,2020-05-02,284,13,2020-07-25
S,Victoria,2020-05-03,281,-3,2020-07-25
S,Victoria,2020-05-04,291,10,2020-07-25
S,Victoria,2020-05-05,278,-13,2020-07-25
S,Victoria,2020-05-06,283,5,2020-07-25
S,Victoria,2020-05-07,268,-15,2020-07-25
S,Victoria,2020-05-08,254,-14,2020-07-25
S,Victoria,2020-05-09,257,3,2020-07-25
S,Victoria,2020-05-10,257,0,2020-07-25
S,Victoria,2020-05-11,254,-3,2020-07-25
S,Victoria,2020-05-12,275,21,2020-07-25
S,Victoria,2020-05-13,246,-29,2020-07-25
S,Victoria,2020-05-14,250,4,2020-07-25
S,Victoria,2020-05-15,274,24,2020-07-25
S,Victoria,2020-05-16,280,6,2020-07-25
S,Victoria,2020-05-17,300,20,2020-07-25
S,Victoria,2020-05-18,325,25,2020-07-25
S,Victoria,2020-05-19,292,-33,2020-07-25
S,Victoria,2020-05-20,183,-109,2020-07-25
S,Victoria,2020-05-21,196,13,2020-07-25
S,Victoria,2020-05-22,207,11,2020-07-25
S,Victoria,2020-05-23,206,-1,2020-07-25
S,Victoria,2020-05-24,224,18,2020-07-25
S,Victoria,2020-05-25,208,-16,2020-07-25
S,Victoria,2020-05-26,212,4,2020-07-25
S,Victoria,2020-05-27,215,3,2020-07-25
S,Victoria,2020-05-28,203,-12,2020-07-25
S,Victoria,2020-05-29,199,-4,2020-07-25
S,Victoria,2020-05-30,199,0,2020-07-25
S,Victoria,2020-05-31,257,58,2020-07-25
S,Victoria,2020-06-01,249,-8,2020-07-25
S,Victoria,2020-06-02,257,8,2020-07-25
S,Victoria,2020-06-03,256,-1,2020-07-25
S,Victoria,2020-06-04,251,-5,2020-07-25
S,Victoria,2020-06-05,266,15,2020-07-25
S,Victoria,2020-06-06,244,-22,2020-07-25
S,Victoria,2020-06-07,93,-151,2020-07-25
S,Victoria,2020-06-08,210,117,2020-07-25
S,Victoria,2020-06-09,247,37,2020-07-25
S,Victoria,2020-06-10,212,-35,2020-07-25
S,Victoria,2020-06-11,198,-14,2020-07-25
S,Victoria,2020-06-12,188,-10,2020-07-25
S,Victoria,2020-06-13,169,-19,2020-07-25
S,Victoria,2020-06-14,153,-16,2020-07-25
S,Victoria,2020-06-15,218,65,2020-07-25
S,Victoria,2020-06-16,204,-14,2020-07-25
S,Victoria,2020-06-17,211,7,2020-07-25
S,Victoria,2020-06-18,209,-2,2020-07-25
S,Victoria,2020-06-19,215,6,2020-07-25
S,Victoria,2020-06-20,222,7,2020-07-25
S,Victoria,2020-06-21,227,5,2020-07-25
S,Victoria,2020-06-22,203,-24,2020-07-25
S,Victoria,2020-06-23,205,2,2020-07-25
S,Victoria,2020-06-24,195,-10,2020-07-25
S,Victoria,2020-06-25,190,-5,2020-07-25
S,Victoria,2020-06-26,190,0,2020-07-25
S,Victoria,2020-06-27,210,20,2020-07-25
S,Victoria,2020-06-28,195,-15,2020-07-25
S,Victoria,2020-06-29,174,-21,2020-07-25
S,Victoria,2020-06-30,161,-13,2020-07-25
S,Victoria,2020-07-01,165,4,2020-07-25
S,Victoria,2020-07-02,147,-18,2020-07-25
S,Victoria,2020-07-03,146,-1,2020-07-25
S,Victoria,2020-07-04,133,-13,2020-07-25
S,Victoria,2020-07-05,85,-48,2020-07-25
S,Victoria,2020-07-06,95,10,2020-07-25
S,Victoria,2020-07-07,113,18,2020-07-25
S,Victoria,2020-07-08,134,21,2020-07-25
S,Victoria,2020-07-09,111,-23,2020-07-25
S,Victoria,2020-07-10,107,-4,2020-07-25
S,Victoria,2020-07-11,88,-19,2020-07-25
S,Victoria,2020-07-12,63,-25,2020-07-25
S,Victoria,2020-07-13,91,28,2020-07-25
S,Victoria,2020-07-14,149,58,2020-07-25
S,Victoria,2020-07-15,146,-3,2020-07-25
S,Victoria,2020-07-16,83,-63,2020-07-25
S,Victoria,2020-07-17,103,20,2020-07-25
S,Victoria,2020-07-18,75,-28,2020-07-25
S,Victoria,2020-07-19,96,21,2020-07-25
S,Victoria,2020-07-20,101,5,2020-07-25
S,Victoria,2020-07-21,92,-9,2020-07-25
S,Victoria,2020-07-22,79,-13,2020-07-25
S,Victoria,2020-07-23,95,16,2020-07-25
S,Victoria,2020-07-24,98,3,2020-07-25
T,Laredo,2020-04-12,100,,2020-07-25
T,Laredo,2020-04-13,110,10,2020-07-25
T,Laredo,2020-04-14,86,-24,2020-07-25
T,Laredo,2020-04-15,100,14,2020-07-25
T,Laredo,2020-04-16,95,-5,2020-07-25
T,Laredo,2020-04-17,113,18,2020-07-25
T,Laredo,2020-04-18,107,-6,2020-07-25
T,Laredo,2020-04-19,120,13,2020-07-25
T,Laredo,2020-04-20,124,4,2020-07-25
T,Laredo,2020-04-21,124,0,2020-07-25
T,Laredo,2020-04-22,137,13,2020-07-25
T,Laredo,2020-04-23,140,3,2020-07-25
T,Laredo,2020-04-24,109,-31,2020-07-25
T,Laredo,2020-04-25,107,-2,2020-07-25
T,Laredo,2020-04-26,132,25,2020-07-25
T,Laredo,2020-04-27,131,-1,2020-07-25
T,Laredo,2020-04-28,123,-8,2020-07-25
T,Laredo,2020-04-29,141,18,2020-07-25
T,Laredo,2020-04-30,132,-9,2020-07-25
T,Laredo,2020-05-01,127,-5,2020-07-25
T,Laredo,2020-05-02,136,9,2020-07-25
T,Laredo,2020-05-03,114,-22,2020-07-25
T,Laredo,2020-05-04,115,1,2020-07-25
T,Laredo,2020-05-05,110,-5,2020-07-25
T,Laredo,2020-05-06,121,11,2020-07-25
T,Laredo,2020-05-07,92,-29,2020-07-25
T,Laredo,2020-05-08,111,19,2020-07-25
T,Laredo,2020-05-09,108,-3,2020-07-25
T,Laredo,2020-05-10,118,10,2020-07-25
T,Laredo,2020-05-11,119,1,2020-07-25
T,Laredo,2020-05-12,129,10,2020-07-25
T,Laredo,2020-05-13,131,2,2020-07-25
T,Laredo,2020-05-14,116,-15,2020-07-25
T,Laredo,2020-05-15,112,-4,2020-07-25
T,Laredo,2020-05-16,94,-18,2020-07-25
T,Laredo,2020-05-17,102,8,2020-07-25
T,Laredo,2020-05-18,104,2,2020-07-25
T,Laredo,2020-05-19,108,4,2020-07-25
T,Laredo,2020-05-20,109,1,2020-07-25
T,Laredo,2020-05-21,108,-1,2020-07-25
T,Laredo,2020-05-22,119,11,2020-07-25
T,Laredo,2020-05-23,107,-12,2020-07-25
T,Laredo,2020-05-24,113,6,2020-07-25
T,Laredo,2020-05-25,112,-1,2020-07-25
T,Laredo,2020-05-26,109,-3,2020-07-25
T,Laredo,2020-05-27,107,-2,2020-07-25
T,Laredo,2020-05-28,98,-9,2020-07-25
T,Laredo,2020-05-29,108,10,2020-07-25
T,Laredo,2020-05-30,107,-1,2020-07-25
T,Laredo,2020-05-31,109,2,2020-07-25
T,Laredo,2020-06-01,117,8,2020-07-25
T,Laredo,2020-06-02,109,-8,2020-07-25
T,Laredo,2020-06-03,111,2,2020-07-25
T,Laredo,2020-06-04,104,-7,2020-07-25
T,Laredo,2020-06-05,115,11,2020-07-25
T,Laredo,2020-06-06,102,-13,2020-07-25
T,Laredo,2020-06-07,105,3,2020-07-25
T,Laredo,2020-06-08,118,13,2020-07-25
T,Laredo,2020-06-09,94,-24,2020-07-25
T,Laredo,2020-06-10,92,-2,2020-07-25
T,Laredo,2020-06-11,95,3,2020-07-25
T,Laredo,2020-06-12,96,1,2020-07-25
T,Laredo,2020-06-13,39,-57,2020-07-25
T,Laredo,2020-06-14,46,7,2020-07-25
T,Laredo,2020-06-15,112,66,2020-07-25
T,Laredo,2020-06-16,95,-17,2020-07-25
T,Laredo,2020-06-17,101,6,2020-07-25
T,Laredo,2020-06-18,104,3,2020-07-25
T,Laredo,2020-06-19,113,9,2020-07-25
T,Laredo,2020-06-20,93,-20,2020-07-25
T,Laredo,2020-06-21,102,9,2020-07-25
T,Laredo,2020-06-22,122,20,2020-07-25
T,Laredo,2020-06-23,116,-6,2020-07-25
T,Laredo,2020-06-24,111,-5,2020-07-25
T,Laredo,2020-06-25,108,-3,2020-07-25
T,Laredo,2020-06-26,100,-8,2020-07-25
T,Laredo,2020-06-27,91,-9,2020-07-25
T,Laredo,2020-06-28,104,13,2020-07-25
T,Laredo,2020-06-29,95,-9,2020-07-25
T,Laredo,2020-06-30,91,-4,2020-07-25
T,Laredo,2020-07-01,78,-13,2020-07-25
T,Laredo,2020-07-02,77,-1,2020-07-25
T,Laredo,2020-07-03,87,10,2020-07-25
T,Laredo,2020-07-04,91,4,2020-07-25
T,Laredo,2020-07-05,80,-11,2020-07-25
T,Laredo,2020-07-06,64,-16,2020-07-25
T,Laredo,2020-07-07,79,15,2020-07-25
T,Laredo,2020-07-08,65,-14,2020-07-25
T,Laredo,2020-07-09,85,20,2020-07-25
T,Laredo,2020-07-10,78,-7,2020-07-25
T,Laredo,2020-07-11,79,1,2020-07-25
T,Laredo,2020-07-12,96,17,2020-07-25
T,Laredo,2020-07-13,95,-1,2020-07-25
T,Laredo,2020-07-14,91,-4,2020-07-25
T,Laredo,2020-07-15,75,-16,2020-07-25
T,Laredo,2020-07-16,89,14,2020-07-25
T,Laredo,2020-07-17,41,-48,2020-07-25
T,Laredo,2020-07-18,85,44,2020-07-25
T,Laredo,2020-07-19,86,1,2020-07-25
T,Laredo,2020-07-20,97,11,2020-07-25
T,Laredo,2020-07-21,93,-4,2020-07-25
T,Laredo,2020-07-22,91,-2,2020-07-25
T,Laredo,2020-07-23,75,-16,2020-07-25
T,Laredo,2020-07-24,84,9,2020-07-25
U,Corpus Christi,2020-04-12,360,,2020-07-25
U,Corpus Christi,2020-04-13,382,22,2020-07-25
U,Corpus Christi,2020-04-14,360,-22,2020-07-25
U,Corpus Christi,2020-04-15,356,-4,2020-07-25
U,Corpus Christi,2020-04-16,366,10,2020-07-25
U,Corpus Christi,2020-04-17,360,-6,2020-07-25
U,Corpus Christi,2020-04-18,383,23,2020-07-25
U,Corpus Christi,2020-04-19,384,1,2020-07-25
U,Corpus Christi,2020-04-20,382,-2,2020-07-25
U,Corpus Christi,2020-04-21,395,13,2020-07-25
U,Corpus Christi,2020-04-22,411,16,2020-07-25
U,Corpus Christi,2020-04-23,362,-49,2020-07-25
U,Corpus Christi,2020-04-24,363,1,2020-07-25
U,Corpus Christi,2020-04-25,329,-34,2020-07-25
U,Corpus Christi,2020-04-26,333,4,2020-07-25
U,Corpus Christi,2020-04-27,333,0,2020-07-25
U,Corpus Christi,2020-04-28,317,-16,2020-07-25
U,Corpus Christi,2020-04-29,287,-30,2020-07-25
U,Corpus Christi,2020-04-30,307,20,2020-07-25
U,Corpus Christi,2020-05-01,302,-5,2020-07-25
U,Corpus Christi,2020-05-02,296,-6,2020-07-25
U,Corpus Christi,2020-05-03,301,5,2020-07-25
U,Corpus Christi,2020-05-04,299,-2,2020-07-25
U,Corpus Christi,2020-05-05,295,-4,2020-07-25
U,Corpus Christi,2020-05-06,295,0,2020-07-25
U,Corpus Christi,2020-05-07,297,2,2020-07-25
U,Corpus Christi,2020-05-08,297,0,2020-07-25
U,Corpus Christi,2020-05-09,282,-15,2020-07-25
U,Corpus Christi,2020-05-10,358,76,2020-07-25
U,Corpus Christi,2020-05-11,332,-26,2020-07-25
U,Corpus Christi,2020-05-12,304,-28,2020-07-25
U,Corpus Christi,2020-05-13,284,-20,2020-07-25
U,Corpus Christi,2020-05-14,278,-6,2020-07-25
U,Corpus Christi,2020-05-15,330,52,2020-07-25
U,Corpus Christi,2020-05-16,359,29,2020-07-25
U,Corpus Christi,2020-05-17,346,-13,2020-07-25
U,Corpus Christi,2020-05-18,355,9,2020-07-25
U,Corpus Christi,2020-05-19,351,-4,2020-07-25
U,Corpus Christi,2020-05-20,348,-3,2020-07-25
U,Corpus Christi,2020-05-21,348,0,2020-07-25
U,Corpus Christi,2020-05-22,325,-23,2020-07-25
U,Corpus Christi,2020-05-23,322,-3,2020-07-25
U,Corpus Christi,2020-05-24,298,-24,2020-07-25
U,Corpus Christi,2020-05-25,307,9,2020-07-25
U,Corpus Christi,2020-05-26,309,2,2020-07-25
U,Corpus Christi,2020-05-27,305,-4,2020-07-25
U,Corpus Christi,2020-05-28,295,-10,2020-07-25
U,Corpus Christi,2020-05-29,315,20,2020-07-25
U,Corpus Christi,2020-05-30,293,-22,2020-07-25
U,Corpus Christi,2020-05-31,299,6,2020-07-25
U,Corpus Christi,2020-06-01,319,20,2020-07-25
U,Corpus Christi,2020-06-02,307,-12,2020-07-25
U,Corpus Christi,2020-06-03,329,22,2020-07-25
U,Corpus Christi,2020-06-04,316,-13,2020-07-25
U,Corpus Christi,2020-06-05,310,-6,2020-07-25
U,Corpus Christi,2020-06-06,316,6,2020-07-25
U,Corpus Christi,2020-06-07,309,-7,2020-07-25
U,Corpus Christi,2020-06-08,294,-15,2020-07-25
U,Corpus Christi,2020-06-09,344,50,2020-07-25
U,Corpus Christi,2020-06-10,291,-53,2020-07-25
U,Corpus Christi,2020-06-11,293,2,2020-07-25
U,Corpus Christi,2020-06-12,284,-9,2020-07-25
U,Corpus Christi,2020-06-13,245,-39,2020-07-25
U,Corpus Christi,2020-06-14,227,-18,2020-07-25
U,Corpus Christi,2020-06-15,248,21,2020-07-25
U,Corpus Christi,2020-06-16,246,-2,2020-07-25
U,Corpus Christi,2020-06-17,277,31,2020-07-25
U,Corpus Christi,2020-06-18,298,21,2020-07-25
U,Corpus Christi,2020-06-19,313,15,2020-07-25
U,Corpus Christi,2020-06-20,319,6,2020-07-25
U,Corpus Christi,2020-06-21,316,-3,2020-07-25
U,Corpus Christi,2020-06-22,306,-10,2020-07-25
U,Corpus Christi,2020-06-23,300,-6,2020-07-25
U,Corpus Christi,2020-06-24,286,-14,2020-07-25
U,Corpus Christi,2020-06-25,285,-1,2020-07-25
U,Corpus Christi,2020-06-26,297,12,2020-07-25
U,Corpus Christi,2020-06-27,306,9,2020-07-25
U,Corpus Christi,2020-06-28,308,2,2020-07-25
U,Corpus Christi,2020-06-29,291,-17,2020-07-25
U,Corpus Christi,2020-06-30,292,1,2020-07-25
U,Corpus Christi,2020-07-01,315,23,2020-07-25
U,Corpus Christi,2020-07-02,312,-3,2020-07-25
U,Corpus Christi,2020-07-03,315,3,2020-07-25
U,Corpus Christi,2020-07-04,321,6,2020-07-25
U,Corpus Christi,2020-07-05,327,6,2020-07-25
U,Corpus Christi,2020-07-06,353,26,2020-07-25
U,Corpus Christi,2020-07-07,325,-28,2020-07-25
U,Corpus Christi,2020-07-08,317,-8,2020-07-25
U,Corpus Christi,2020-07-09,308,-9,2020-07-25
U,Corpus Christi,2020-07-10,296,-12,2020-07-25
U,Corpus Christi,2020-07-11,353,57,2020-07-25
U,Corpus Christi,2020-07-12,375,22,2020-07-25
U,Corpus Christi,2020-07-13,355,-20,2020-07-25
U,Corpus Christi,2020-07-14,292,-63,2020-07-25
U,Corpus Christi,2020-07-15,290,-2,2020-07-25
U,Corpus Christi,2020-07-16,266,-24,2020-07-25
U,Corpus Christi,2020-07-17,256,-10,2020-07-25
U,Corpus Christi,2020-07-18,266,10,2020-07-25
U,Corpus Christi,2020-07-19,286,20,2020-07-25
U,Corpus Christi,2020-07-20,265,-21,2020-07-25
U,Corpus Christi,2020-07-21,310,45,2020-07-25
U,Corpus Christi,2020-07-22,301,-9,2020-07-25
U,Corpus Christi,2020-07-23,1321,1020,2020-07-25
U,Corpus Christi,2020-07-24,1496,175,2020-07-25
V,Lower Rio Grande Valley,2020-04-12,881,,2020-07-25
V,Lower Rio Grande Valley,2020-04-13,861,-20,2020-07-25
V,Lower Rio Grande Valley,2020-04-14,817,-44,2020-07-25
V,Lower Rio Grande Valley,2020-04-15,821,4,2020-07-25
V,Lower Rio Grande Valley,2020-04-16,910,89,2020-07-25
V,Lower Rio Grande Valley,2020-04-17,853,-57,2020-07-25
V,Lower Rio Grande Valley,2020-04-18,751,-102,2020-07-25
V,Lower Rio Grande Valley,2020-04-19,865,114,2020-07-25
V,Lower Rio Grande Valley,2020-04-20,872,7,2020-07-25
V,Lower Rio Grande Valley,2020-04-21,872,0,2020-07-25
V,Lower Rio Grande Valley,2020-04-22,748,-124,2020-07-25
V,Lower Rio Grande Valley,2020-04-23,730,-18,2020-07-25
V,Lower Rio Grande Valley,2020-04-24,827,97,2020-07-25
V,Lower Rio Grande Valley,2020-04-25,807,-20,2020-07-25
V,Lower Rio Grande Valley,2020-04-26,873,66,2020-07-25
V,Lower Rio Grande Valley,2020-04-27,964,91,2020-07-25
V,Lower Rio Grande Valley,2020-04-28,798,-166,2020-07-25
V,Lower Rio Grande Valley,2020-04-29,781,-17,2020-07-25
V,Lower Rio Grande Valley,2020-04-30,821,40,2020-07-25
V,Lower Rio Grande Valley,2020-05-01,784,-37,2020-07-25
V,Lower Rio Grande Valley,2020-05-02,766,-18,2020-07-25
V,Lower Rio Grande Valley,2020-05-03,741,-25,2020-07-25
V,Lower Rio Grande Valley,2020-05-04,832,91,2020-07-25
V,Lower Rio Grande Valley,2020-05-05,785,-47,2020-07-25
V,Lower Rio Grande Valley,2020-05-06,718,-67,2020-07-25
V,Lower Rio Grande Valley,2020-05-07,650,-68,2020-07-25
V,Lower Rio Grande Valley,2020-05-08,741,91,2020-07-25
V,Lower Rio Grande Valley,2020-05-09,758,17,2020-07-25
V,Lower Rio Grande Valley,2020-05-10,746,-12,2020-07-25
V,Lower Rio Grande Valley,2020-05-11,821,75,2020-07-25
V,Lower Rio Grande Valley,2020-05-12,808,-13,2020-07-25
V,Lower Rio Grande Valley,2020-05-13,754,-54,2020-07-25
V,Lower Rio Grande Valley,2020-05-14,768,14,2020-07-25
V,Lower Rio Grande Valley,2020-05-15,741,-27,2020-07-25
V,Lower Rio Grande Valley,2020-05-16,691,-50,2020-07-25
V,Lower Rio Grande Valley,2020-05-17,813,122,2020-07-25
V,Lower Rio Grande Valley,2020-05-18,799,-14,2020-07-25
V,Lower Rio Grande Valley,2020-05-19,852,53,2020-07-25
V,Lower Rio Grande Valley,2020-05-20,811,-41,2020-07-25
V,Lower Rio Grande Valley,2020-05-21,810,-1,2020-07-25
V,Lower Rio Grande Valley,2020-05-22,684,-126,2020-07-25
V,Lower Rio Grande Valley,2020-05-23,630,-54,2020-07-25
V,Lower Rio Grande Valley,2020-05-24,627,-3,2020-07-25
V,Lower Rio Grande Valley,2020-05-25,627,0,2020-07-25
V,Lower Rio Grande Valley,2020-05-26,683,56,2020-07-25
V,Lower Rio Grande Valley,2020-05-27,678,-5,2020-07-25
V,Lower Rio Grande Valley,2020-05-28,682,4,2020-07-25
V,Lower Rio Grande Valley,2020-05-29,621,-61,2020-07-25
V,Lower Rio Grande Valley,2020-05-30,576,-45,2020-07-25
V,Lower Rio Grande Valley,2020-05-31,646,70,2020-07-25
V,Lower Rio Grande Valley,2020-06-01,616,-30,2020-07-25
V,Lower Rio Grande Valley,2020-06-02,647,31,2020-07-25
V,Lower Rio Grande Valley,2020-06-03,608,-39,2020-07-25
V,Lower Rio Grande Valley,2020-06-04,637,29,2020-07-25
V,Lower Rio Grande Valley,2020-06-05,596,-41,2020-07-25
V,Lower Rio Grande Valley,2020-06-06,559,-37,2020-07-25
V,Lower Rio Grande Valley,2020-06-07,566,7,2020-07-25
V,Lower Rio Grande Valley,2020-06-08,539,-27,2020-07-25
V,Lower Rio Grande Valley,2020-06-09,558,19,2020-07-25
V,Lower Rio Grande Valley,2020-06-10,543,-15,2020-07-25
V,Lower Rio Grande Valley,2020-06-11,520,-23,2020-07-25
V,Lower Rio Grande Valley,2020-06-12,418,-102,2020-07-25
V,Lower Rio Grande Valley,2020-06-13,403,-15,2020-07-25
V,Lower Rio Grande Valley,2020-06-14,618,215,2020-07-25
V,Lower Rio Grande Valley,2020-06-15,574,-44,2020-07-25
V,Lower Rio Grande Valley,2020-06-16,564,-10,2020-07-25
V,Lower Rio Grande Valley,2020-06-17,546,-18,2020-07-25
V,Lower Rio Grande Valley,2020-06-18,595,49,2020-07-25
V,Lower Rio Grande Valley,2020-06-19,536,-59,2020-07-25
V,Lower Rio Grande Valley,2020-06-20,473,-63,2020-07-25
V,Lower Rio Grande Valley,2020-06-21,457,-16,2020-07-25
V,Lower Rio Grande Valley,2020-06-22,405,-52,2020-07-25
V,Lower Rio Grande Valley,2020-06-23,490,85,2020-07-25
V,Lower Rio Grande Valley,2020-06-24,446,-44,2020-07-25
V,Lower Rio Grande Valley,2020-06-25,359,-87,2020-07-25
V,Lower Rio Grande Valley,2020-06-26,361,2,2020-07-25
V,Lower Rio Grande Valley,2020-06-27,387,26,2020-07-25
V,Lower Rio Grande Valley,2020-06-28,447,60,2020-07-25
V,Lower Rio Grande Valley,2020-06-29,525,78,2020-07-25
V,Lower Rio Grande Valley,2020-06-30,509,-16,2020-07-25
V,Lower Rio Grande Valley,2020-07-01,419,-90,2020-07-25
V,Lower Rio Grande Valley,2020-07-02,443,24,2020-07-25
V,Lower Rio Grande Valley,2020-07-03,369,-74,2020-07-25
V,Lower Rio Grande Valley,2020-07-04,408,39,2020-07-25
V,Lower Rio Grande Valley,2020-07-05,303,-105,2020-07-25
V,Lower Rio Grande Valley,2020-07-06,367,64,2020-07-25
V,Lower Rio Grande Valley,2020-07-07,676,309,2020-07-25
V,Lower Rio Grande Valley,2020-07-08,424,-252,2020-07-25
V,Lower Rio Grande Valley,2020-07-09,436,12,2020-07-25
V,Lower Rio Grande Valley,2020-07-10,380,-56,2020-07-25
V,Lower Rio Grande Valley,2020-07-11,378,-2,2020-07-25
V,Lower Rio Grande Valley,2020-07-12,439,61,2020-07-25
V,Lower Rio Grande Valley,2020-07-13,440,1,2020-07-25
V,Lower Rio Grande Valley,2020-07-14,374,-66,2020-07-25
V,Lower Rio Grande Valley,2020-07-15,339,-35,2020-07-25
V,Lower Rio Grande Valley,2020-07-16,349,10,2020-07-25
V,Lower Rio Grande Valley,2020-07-17,382,33,2020-07-25
V,Lower Rio Grande Valley,2020-07-18,419,37,2020-07-25
V,Lower Rio Grande Valley,2020-07-19,480,61,2020-07-25
V,Lower Rio Grande Valley,2020-07-20,489,9,2020-07-25
V,Lower Rio Grande Valley,2020-07-21,539,50,2020-07-25
V,Lower Rio Grande Valley,2020-07-22,535,-4,2020-07-25
V,Lower Rio Grande Valley,2020-07-23,1506,971,2020-07-25
V,Lower Rio Grande Valley,2020-07-24,1890,384,2020-07-25
